cores,cpu,gpu,mem,bs,predicted_power
4,422400,114750000,665600000,1,13.841434
4,422400,114750000,2133000000,1,14.32716
4,422400,114750000,3199000000,1,15.806559
8,422400,114750000,665600000,1,13.824995
8,422400,114750000,2133000000,1,14.040543
8,422400,114750000,3199000000,1,15.390735
12,422400,114750000,665600000,1,15.200043
12,422400,114750000,2133000000,1,15.0110855
12,422400,114750000,3199000000,1,16.143858
4,422400,318750000,665600000,1,13.552849
4,422400,318750000,2133000000,1,12.818611
4,422400,318750000,3199000000,1,14.213536
8,422400,318750000,665600000,1,14.092785
8,422400,318750000,2133000000,1,13.002062
8,422400,318750000,3199000000,1,14.056927
12,422400,318750000,665600000,1,15.890186
12,422400,318750000,2133000000,1,14.707867
12,422400,318750000,3199000000,1,15.614021
4,422400,522750000,665600000,1,14.519838
4,422400,522750000,2133000000,1,12.54174
4,422400,522750000,3199000000,1,13.275208
8,422400,522750000,665600000,1,15.308913
8,422400,522750000,2133000000,1,13.391583
8,422400,522750000,3199000000,1,13.921255
12,422400,522750000,665600000,1,17.281527
12,422400,522750000,2133000000,1,15.90416
12,422400,522750000,3199000000,1,16.488838
4,422400,726750000,665600000,1,16.294746
4,422400,726750000,2133000000,1,14.108548
4,422400,726750000,3199000000,1,14.438124
8,422400,726750000,665600000,1,17.193657
8,422400,726750000,2133000000,1,15.607096
8,422400,726750000,3199000000,1,15.850447
12,422400,726750000,665600000,1,19.194466
12,422400,726750000,2133000000,1,18.513855
12,422400,726750000,3199000000,1,18.692081
4,422400,930750000,665600000,1,18.47007
4,422400,930750000,2133000000,1,16.897125
4,422400,930750000,3199000000,1,17.08654
8,422400,930750000,665600000,1,19.501493
8,422400,930750000,2133000000,1,18.62633
8,422400,930750000,3199000000,1,18.77227
12,422400,930750000,665600000,1,21.77341
12,422400,930750000,2133000000,1,21.471607
12,422400,930750000,3199000000,1,21.557268
4,422400,1134750000,665600000,1,21.054316
4,422400,1134750000,2133000000,1,20.053276
4,422400,1134750000,3199000000,1,20.209747
8,422400,1134750000,665600000,1,22.430939
8,422400,1134750000,2133000000,1,21.83194
8,422400,1134750000,3199000000,1,21.938305
12,422400,1134750000,665600000,1,24.656017
12,422400,1134750000,2133000000,1,24.497429
12,422400,1134750000,3199000000,1,24.574554
4,422400,1300500000,665600000,1,23.535568
4,422400,1300500000,2133000000,1,22.711645
4,422400,1300500000,3199000000,1,22.823174
8,422400,1300500000,665600000,1,24.925287
8,422400,1300500000,2133000000,1,24.499567
8,422400,1300500000,3199000000,1,24.55223
12,422400,1300500000,665600000,1,27.123446
12,422400,1300500000,2133000000,1,26.984348
12,422400,1300500000,3199000000,1,27.09979
4,729600,114750000,665600000,1,14.380949
4,729600,114750000,2133000000,1,15.112357
4,729600,114750000,3199000000,1,16.619852
8,729600,114750000,665600000,1,13.75101
8,729600,114750000,2133000000,1,14.237655
8,729600,114750000,3199000000,1,15.637495
12,729600,114750000,665600000,1,14.9310665
12,729600,114750000,2133000000,1,14.884592
12,729600,114750000,3199000000,1,16.223425
4,729600,318750000,665600000,1,14.035306
4,729600,318750000,2133000000,1,13.553331
4,729600,318750000,3199000000,1,15.042244
8,729600,318750000,665600000,1,14.000434
8,729600,318750000,2133000000,1,12.870804
8,729600,318750000,3199000000,1,14.313562
12,729600,318750000,665600000,1,15.689344
12,729600,318750000,2133000000,1,14.489791
12,729600,318750000,3199000000,1,15.702084
4,729600,522750000,665600000,1,15.043063
4,729600,522750000,2133000000,1,13.223537
4,729600,522750000,3199000000,1,14.288865
8,729600,522750000,665600000,1,15.371544
8,729600,522750000,2133000000,1,13.37018
8,729600,522750000,3199000000,1,14.218957
12,729600,522750000,665600000,1,17.20728
12,729600,522750000,2133000000,1,16.02947
12,729600,522750000,3199000000,1,16.64931
4,729600,726750000,665600000,1,16.800346
4,729600,726750000,2133000000,1,14.880248
4,729600,726750000,3199000000,1,15.479734
8,729600,726750000,665600000,1,17.3729
8,729600,726750000,2133000000,1,16.032412
8,729600,726750000,3199000000,1,16.309185
12,729600,726750000,665600000,1,19.30973
12,729600,726750000,2133000000,1,18.864235
12,729600,726750000,3199000000,1,18.992222
4,729600,930750000,665600000,1,19.04434
4,729600,930750000,2133000000,1,17.792679
4,729600,930750000,3199000000,1,18.1325
8,729600,930750000,665600000,1,19.926384
8,729600,930750000,2133000000,1,19.177225
8,729600,930750000,3199000000,1,19.347614
12,729600,930750000,665600000,1,22.059896
12,729600,930750000,2133000000,1,21.873093
12,729600,930750000,3199000000,1,21.937393
4,729600,1134750000,665600000,1,21.791134
4,729600,1134750000,2133000000,1,20.97927
4,729600,1134750000,3199000000,1,21.224205
8,729600,1134750000,665600000,1,22.934937
8,729600,1134750000,2133000000,1,22.465778
8,729600,1134750000,3199000000,1,22.540844
12,729600,1134750000,665600000,1,25.06065
12,729600,1134750000,2133000000,1,24.920338
12,729600,1134750000,3199000000,1,25.020512
4,729600,1300500000,665600000,1,24.274582
4,729600,1300500000,2133000000,1,23.600243
4,729600,1300500000,3199000000,1,23.822086
8,729600,1300500000,665600000,1,25.52158
8,729600,1300500000,2133000000,1,25.153015
8,729600,1300500000,3199000000,1,25.208603
12,729600,1300500000,665600000,1,27.622248
12,729600,1300500000,2133000000,1,27.470184
12,729600,1300500000,3199000000,1,27.571173
4,1036800,114750000,665600000,1,15.1511345
4,1036800,114750000,2133000000,1,16.036972
4,1036800,114750000,3199000000,1,17.52893
8,1036800,114750000,665600000,1,14.004546
8,1036800,114750000,2133000000,1,14.725512
8,1036800,114750000,3199000000,1,16.246655
12,1036800,114750000,665600000,1,14.753191
12,1036800,114750000,2133000000,1,14.872189
12,1036800,114750000,3199000000,1,16.427107
4,1036800,318750000,665600000,1,14.758879
4,1036800,318750000,2133000000,1,14.649739
4,1036800,318750000,3199000000,1,16.191944
8,1036800,318750000,665600000,1,14.208055
8,1036800,318750000,2133000000,1,13.153273
8,1036800,318750000,3199000000,1,15.023193
12,1036800,318750000,665600000,1,15.582048
12,1036800,318750000,2133000000,1,14.415327
12,1036800,318750000,3199000000,1,15.951349
4,1036800,522750000,665600000,1,15.74329
4,1036800,522750000,2133000000,1,14.32782
4,1036800,522750000,3199000000,1,15.744726
8,1036800,522750000,665600000,1,15.753645
8,1036800,522750000,2133000000,1,13.790688
8,1036800,522750000,3199000000,1,14.991028
12,1036800,522750000,665600000,1,17.227852
12,1036800,522750000,2133000000,1,16.309826
12,1036800,522750000,3199000000,1,16.952534
4,1036800,726750000,665600000,1,17.559925
4,1036800,726750000,2133000000,1,15.987923
4,1036800,726750000,3199000000,1,16.744883
8,1036800,726750000,665600000,1,17.784868
8,1036800,726750000,2133000000,1,16.717842
8,1036800,726750000,3199000000,1,17.048428
12,1036800,726750000,665600000,1,19.561697
12,1036800,726750000,2133000000,1,19.249744
12,1036800,726750000,3199000000,1,19.369492
4,1036800,930750000,665600000,1,19.796303
4,1036800,930750000,2133000000,1,18.878448
4,1036800,930750000,3199000000,1,19.264776
8,1036800,930750000,665600000,1,20.521385
8,1036800,930750000,2133000000,1,19.927044
8,1036800,930750000,3199000000,1,20.133495
12,1036800,930750000,665600000,1,22.451744
12,1036800,930750000,2133000000,1,22.285778
12,1036800,930750000,3199000000,1,22.373318
4,1036800,1134750000,665600000,1,22.618746
4,1036800,1134750000,2133000000,1,22.02083
4,1036800,1134750000,3199000000,1,22.300976
8,1036800,1134750000,665600000,1,23.610907
8,1036800,1134750000,2133000000,1,23.235758
8,1036800,1134750000,3199000000,1,23.333715
12,1036800,1134750000,665600000,1,25.576607
12,1036800,1134750000,2133000000,1,25.417189
12,1036800,1134750000,3199000000,1,25.49778
4,1036800,1300500000,665600000,1,25.077076
4,1036800,1300500000,2133000000,1,24.625568
4,1036800,1300500000,3199000000,1,24.86658
8,1036800,1300500000,665600000,1,26.234182
8,1036800,1300500000,2133000000,1,25.927784
8,1036800,1300500000,3199000000,1,26.000595
12,1036800,1300500000,665600000,1,28.169844
12,1036800,1300500000,2133000000,1,28.054056
12,1036800,1300500000,3199000000,1,28.103214
4,1344000,114750000,665600000,1,16.092468
4,1344000,114750000,2133000000,1,17.07353
4,1344000,114750000,3199000000,1,18.626453
8,1344000,114750000,665600000,1,14.579323
8,1344000,114750000,2133000000,1,15.523908
8,1344000,114750000,3199000000,1,17.138132
12,1344000,114750000,665600000,1,14.746359
12,1344000,114750000,2133000000,1,15.043967
12,1344000,114750000,3199000000,1,16.869877
4,1344000,318750000,665600000,1,15.702784
4,1344000,318750000,2133000000,1,15.953736
4,1344000,318750000,3199000000,1,17.553463
8,1344000,318750000,665600000,1,14.756109
8,1344000,318750000,2133000000,1,13.969257
8,1344000,318750000,3199000000,1,16.194757
12,1344000,318750000,665600000,1,15.649692
12,1344000,318750000,2133000000,1,14.670964
12,1344000,318750000,3199000000,1,16.459047
4,1344000,522750000,665600000,1,16.641037
4,1344000,522750000,2133000000,1,15.699282
4,1344000,522750000,3199000000,1,17.37335
8,1344000,522750000,665600000,1,16.389229
8,1344000,522750000,2133000000,1,14.749447
8,1344000,522750000,3199000000,1,16.218184
12,1344000,522750000,665600000,1,17.384815
12,1344000,522750000,2133000000,1,16.730112
12,1344000,522750000,3199000000,1,17.436111
4,1344000,726750000,665600000,1,18.48666
4,1344000,726750000,2133000000,1,17.279694
4,1344000,726750000,3199000000,1,18.21735
8,1344000,726750000,665600000,1,18.445671
8,1344000,726750000,2133000000,1,17.688614
8,1344000,726750000,3199000000,1,18.14431
12,1344000,726750000,665600000,1,19.951973
12,1344000,726750000,2133000000,1,19.668434
12,1344000,726750000,3199000000,1,19.866322
4,1344000,930750000,665600000,1,20.770052
4,1344000,930750000,2133000000,1,20.118828
4,1344000,930750000,3199000000,1,20.540714
8,1344000,930750000,665600000,1,21.279816
8,1344000,930750000,2133000000,1,20.854141
8,1344000,930750000,3199000000,1,21.157475
12,1344000,930750000,665600000,1,22.974993
12,1344000,930750000,2133000000,1,22.774752
12,1344000,930750000,3199000000,1,22.892078
4,1344000,1134750000,665600000,1,23.561218
4,1344000,1134750000,2133000000,1,23.197186
4,1344000,1134750000,3199000000,1,23.478874
8,1344000,1134750000,665600000,1,24.419636
8,1344000,1134750000,2133000000,1,24.10146
8,1344000,1134750000,3199000000,1,24.34213
12,1344000,1134750000,665600000,1,26.142897
12,1344000,1134750000,2133000000,1,26.0199
12,1344000,1134750000,3199000000,1,26.098692
4,1344000,1300500000,665600000,1,25.990913
4,1344000,1300500000,2133000000,1,25.750185
4,1344000,1300500000,3199000000,1,25.998661
8,1344000,1300500000,665600000,1,27.072075
8,1344000,1300500000,2133000000,1,26.790998
8,1344000,1300500000,3199000000,1,26.964
12,1344000,1300500000,665600000,1,28.786013
12,1344000,1300500000,2133000000,1,28.695465
12,1344000,1300500000,3199000000,1,28.737724
4,1651200,114750000,665600000,1,17.236
4,1651200,114750000,2133000000,1,18.306301
4,1651200,114750000,3199000000,1,19.880894
8,1651200,114750000,665600000,1,15.424774
8,1651200,114750000,2133000000,1,16.46283
8,1651200,114750000,3199000000,1,18.20068
12,1651200,114750000,665600000,1,15.043691
12,1651200,114750000,2133000000,1,15.495687
12,1651200,114750000,3199000000,1,17.715267
4,1651200,318750000,665600000,1,16.85647
4,1651200,318750000,2133000000,1,17.377583
4,1651200,318750000,3199000000,1,19.070766
8,1651200,318750000,665600000,1,15.578501
8,1651200,318750000,2133000000,1,15.219919
8,1651200,318750000,3199000000,1,17.61833
12,1651200,318750000,665600000,1,15.9366
12,1651200,318750000,2133000000,1,15.286845
12,1651200,318750000,3199000000,1,17.335014
4,1651200,522750000,665600000,1,17.753439
4,1651200,522750000,2133000000,1,17.23583
4,1651200,522750000,3199000000,1,19.100979
8,1651200,522750000,665600000,1,17.142756
8,1651200,522750000,2133000000,1,16.154945
8,1651200,522750000,3199000000,1,17.83112
12,1651200,522750000,665600000,1,17.850525
12,1651200,522750000,2133000000,1,17.306015
12,1651200,522750000,3199000000,1,18.251331
4,1651200,726750000,665600000,1,19.593132
4,1651200,726750000,2133000000,1,18.78083
4,1651200,726750000,3199000000,1,19.92746
8,1651200,726750000,665600000,1,19.370583
8,1651200,726750000,2133000000,1,18.85355
8,1651200,726750000,3199000000,1,19.492737
12,1651200,726750000,665600000,1,20.509113
12,1651200,726750000,2133000000,1,20.212095
12,1651200,726750000,3199000000,1,20.571346
4,1651200,930750000,665600000,1,21.908836
4,1651200,930750000,2133000000,1,21.47325
4,1651200,930750000,3199000000,1,21.950039
8,1651200,930750000,665600000,1,22.181374
8,1651200,930750000,2133000000,1,21.922699
8,1651200,930750000,3199000000,1,22.292194
12,1651200,930750000,665600000,1,23.583975
12,1651200,930750000,2133000000,1,23.429502
12,1651200,930750000,3199000000,1,23.584778
4,1651200,1134750000,665600000,1,24.640587
4,1651200,1134750000,2133000000,1,24.443035
4,1651200,1134750000,3199000000,1,24.777998
8,1651200,1134750000,665600000,1,25.328367
8,1651200,1134750000,2133000000,1,25.099247
8,1651200,1134750000,3199000000,1,25.396782
12,1651200,1134750000,665600000,1,26.828295
12,1651200,1134750000,2133000000,1,26.721333
12,1651200,1134750000,3199000000,1,26.823305
4,1651200,1300500000,665600000,1,27.038906
4,1651200,1300500000,2133000000,1,26.95243
4,1651200,1300500000,3199000000,1,27.249435
8,1651200,1300500000,665600000,1,27.967247
8,1651200,1300500000,2133000000,1,27.748558
8,1651200,1300500000,3199000000,1,27.996868
12,1651200,1300500000,665600000,1,29.50256
12,1651200,1300500000,2133000000,1,29.409157
12,1651200,1300500000,3199000000,1,29.47784
4,1958400,114750000,665600000,1,18.493528
4,1958400,114750000,2133000000,1,19.62051
4,1958400,114750000,3199000000,1,21.225918
8,1958400,114750000,665600000,1,16.48248
8,1958400,114750000,2133000000,1,17.531769
8,1958400,114750000,3199000000,1,19.550962
12,1958400,114750000,665600000,1,15.707685
12,1958400,114750000,2133000000,1,16.347752
12,1958400,114750000,3199000000,1,18.863256
4,1958400,318750000,665600000,1,18.155872
4,1958400,318750000,2133000000,1,18.863203
4,1958400,318750000,3199000000,1,20.699688
8,1958400,318750000,665600000,1,16.623335
8,1958400,318750000,2133000000,1,16.779692
8,1958400,318750000,3199000000,1,19.253618
12,1958400,318750000,665600000,1,16.593327
12,1958400,318750000,2133000000,1,16.381569
12,1958400,318750000,3199000000,1,18.570602
4,1958400,522750000,665600000,1,19.016151
4,1958400,522750000,2133000000,1,18.92603
4,1958400,522750000,3199000000,1,20.864414
8,1958400,522750000,665600000,1,18.170776
8,1958400,522750000,2133000000,1,17.809772
8,1958400,522750000,3199000000,1,19.574846
12,1958400,522750000,665600000,1,18.632393
12,1958400,522750000,2133000000,1,18.228226
12,1958400,522750000,3199000000,1,19.411118
4,1958400,726750000,665600000,1,20.841095
4,1958400,726750000,2133000000,1,20.378109
4,1958400,726750000,3199000000,1,21.717558
8,1958400,726750000,665600000,1,20.498863
8,1958400,726750000,2133000000,1,20.21429
8,1958400,726750000,3199000000,1,21.029764
12,1958400,726750000,665600000,1,21.303957
12,1958400,726750000,2133000000,1,21.056526
12,1958400,726750000,3199000000,1,21.584465
4,1958400,930750000,665600000,1,23.178062
4,1958400,930750000,2133000000,1,22.909676
4,1958400,930750000,3199000000,1,23.514717
8,1958400,930750000,665600000,1,23.261414
8,1958400,930750000,2133000000,1,23.141241
8,1958400,930750000,3199000000,1,23.566708
12,1958400,930750000,665600000,1,24.405983
12,1958400,930750000,2133000000,1,24.243452
12,1958400,930750000,3199000000,1,24.500252
4,1958400,1134750000,665600000,1,25.848932
4,1958400,1134750000,2133000000,1,25.793701
4,1958400,1134750000,3199000000,1,26.168455
8,1958400,1134750000,665600000,1,26.353342
8,1958400,1134750000,2133000000,1,26.245113
8,1958400,1134750000,3199000000,1,26.56666
12,1958400,1134750000,665600000,1,27.654425
12,1958400,1134750000,2133000000,1,27.528908
12,1958400,1134750000,3199000000,1,27.688934
4,1958400,1300500000,665600000,1,28.242798
4,1958400,1300500000,2133000000,1,28.231798
4,1958400,1300500000,3199000000,1,28.554958
8,1958400,1300500000,665600000,1,28.953197
8,1958400,1300500000,2133000000,1,28.84243
8,1958400,1300500000,3199000000,1,29.109428
12,1958400,1300500000,665600000,1,30.329151
12,1958400,1300500000,2133000000,1,30.21313
12,1958400,1300500000,3199000000,1,30.341547
4,2201600,114750000,665600000,1,19.559551
4,2201600,114750000,2133000000,1,20.73351
4,2201600,114750000,3199000000,1,22.374016
8,2201600,114750000,665600000,1,17.43236
8,2201600,114750000,2133000000,1,18.53273
8,2201600,114750000,3199000000,1,20.732578
12,2201600,114750000,665600000,1,16.45501
12,2201600,114750000,2133000000,1,17.291199
12,2201600,114750000,3199000000,1,19.867826
4,2201600,318750000,665600000,1,19.252605
4,2201600,318750000,2133000000,1,20.100489
4,2201600,318750000,3199000000,1,22.013414
8,2201600,318750000,665600000,1,17.590527
8,2201600,318750000,2133000000,1,18.122576
8,2201600,318750000,3199000000,1,20.581652
12,2201600,318750000,665600000,1,17.291615
12,2201600,318750000,2133000000,1,17.52559
12,2201600,318750000,3199000000,1,19.728786
4,2201600,522750000,665600000,1,20.097013
4,2201600,522750000,2133000000,1,20.324535
4,2201600,522750000,3199000000,1,22.275396
8,2201600,522750000,665600000,1,19.123741
8,2201600,522750000,2133000000,1,19.179508
8,2201600,522750000,3199000000,1,20.983107
12,2201600,522750000,665600000,1,19.380188
12,2201600,522750000,2133000000,1,19.263882
12,2201600,522750000,3199000000,1,20.571877
4,2201600,726750000,665600000,1,21.902838
4,2201600,726750000,2133000000,1,21.69698
4,2201600,726750000,3199000000,1,23.16545
8,2201600,726750000,665600000,1,21.47848
8,2201600,726750000,2133000000,1,21.38959
8,2201600,726750000,3199000000,1,22.35264
12,2201600,726750000,665600000,1,22.100567
12,2201600,726750000,2133000000,1,21.946804
12,2201600,726750000,3199000000,1,22.585773
4,2201600,930750000,665600000,1,24.244658
4,2201600,930750000,2133000000,1,24.099136
4,2201600,930750000,3199000000,1,24.83358
8,2201600,930750000,665600000,1,24.204248
8,2201600,930750000,2133000000,1,24.202293
8,2201600,930750000,3199000000,1,24.672726
12,2201600,930750000,665600000,1,25.171444
12,2201600,930750000,2133000000,1,25.028332
12,2201600,930750000,3199000000,1,25.38696
4,2201600,1134750000,665600000,1,26.903728
4,2201600,1134750000,2133000000,1,26.916985
4,2201600,1134750000,3199000000,1,27.31333
8,2201600,1134750000,665600000,1,27.249512
8,2201600,1134750000,2133000000,1,27.225918
8,2201600,1134750000,3199000000,1,27.554325
12,2201600,1134750000,665600000,1,28.39719
12,2201600,1134750000,2133000000,1,28.25972
12,2201600,1134750000,3199000000,1,28.496887
4,2201600,1300500000,665600000,1,29.252644
4,2201600,1300500000,2133000000,1,29.302744
4,2201600,1300500000,3199000000,1,29.646122
8,2201600,1300500000,665600000,1,29.808088
8,2201600,1300500000,2133000000,1,29.768976
8,2201600,1300500000,3199000000,1,30.052166
12,2201600,1300500000,665600000,1,31.05139
12,2201600,1300500000,2133000000,1,30.9139
12,2201600,1300500000,3199000000,1,31.13137
4,422400,114750000,665600000,4,13.785591
4,422400,114750000,2133000000,4,14.291447
4,422400,114750000,3199000000,4,15.790314
8,422400,114750000,665600000,4,13.77823
8,422400,114750000,2133000000,4,13.999773
8,422400,114750000,3199000000,4,15.35846
12,422400,114750000,665600000,4,15.157492
12,422400,114750000,2133000000,4,14.975735
12,422400,114750000,3199000000,4,16.12696
4,422400,318750000,665600000,4,13.504839
4,422400,318750000,2133000000,4,12.765614
4,422400,318750000,3199000000,4,14.188337
8,422400,318750000,665600000,4,14.034724
8,422400,318750000,2133000000,4,12.972063
8,422400,318750000,3199000000,4,14.037819
12,422400,318750000,665600000,4,15.846376
12,422400,318750000,2133000000,4,14.662594
12,422400,318750000,3199000000,4,15.578039
4,422400,522750000,665600000,4,14.461046
4,422400,522750000,2133000000,4,12.4712925
4,422400,522750000,3199000000,4,13.249918
8,422400,522750000,665600000,4,15.254615
8,422400,522750000,2133000000,4,13.330097
8,422400,522750000,3199000000,4,13.864635
12,422400,522750000,665600000,4,17.229326
12,422400,522750000,2133000000,4,15.848923
12,422400,522750000,3199000000,4,16.440836
4,422400,726750000,665600000,4,16.241308
4,422400,726750000,2133000000,4,14.036005
4,422400,726750000,3199000000,4,14.396202
8,422400,726750000,665600000,4,17.131065
8,422400,726750000,2133000000,4,15.53104
8,422400,726750000,3199000000,4,15.792458
12,422400,726750000,665600000,4,19.126945
12,422400,726750000,2133000000,4,18.446207
12,422400,726750000,3199000000,4,18.637064
4,422400,930750000,665600000,4,18.418072
4,422400,930750000,2133000000,4,16.827972
4,422400,930750000,3199000000,4,17.050694
8,422400,930750000,665600000,4,19.427826
8,422400,930750000,2133000000,4,18.554234
8,422400,930750000,3199000000,4,18.707066
12,422400,930750000,665600000,4,21.704918
12,422400,930750000,2133000000,4,21.408314
12,422400,930750000,3199000000,4,21.49396
4,422400,1134750000,665600000,4,20.990118
4,422400,1134750000,2133000000,4,19.991278
4,422400,1134750000,3199000000,4,20.165142
8,422400,1134750000,665600000,4,22.367222
8,422400,1134750000,2133000000,4,21.764303
8,422400,1134750000,3199000000,4,21.871368
12,422400,1134750000,665600000,4,24.594059
12,422400,1134750000,2133000000,4,24.432981
12,422400,1134750000,3199000000,4,24.512661
4,422400,1300500000,665600000,4,23.474945
4,422400,1300500000,2133000000,4,22.649872
4,422400,1300500000,3199000000,4,22.773296
8,422400,1300500000,665600000,4,24.868795
8,422400,1300500000,2133000000,4,24.435837
8,422400,1300500000,3199000000,4,24.485672
12,422400,1300500000,665600000,4,27.055397
12,422400,1300500000,2133000000,4,26.920845
12,422400,1300500000,3199000000,4,27.039307
4,729600,114750000,665600000,4,14.332726
4,729600,114750000,2133000000,4,15.089512
4,729600,114750000,3199000000,4,16.612999
8,729600,114750000,665600000,4,13.690913
8,729600,114750000,2133000000,4,14.196823
8,729600,114750000,3199000000,4,15.62066
12,729600,114750000,665600000,4,14.877476
12,729600,114750000,2133000000,4,14.845885
12,729600,114750000,3199000000,4,16.201797
4,729600,318750000,665600000,4,13.984075
4,729600,318750000,2133000000,4,13.5113735
4,729600,318750000,3199000000,4,15.025791
8,729600,318750000,665600000,4,13.929319
8,729600,318750000,2133000000,4,12.82396
8,729600,318750000,3199000000,4,14.290157
12,729600,318750000,665600000,4,15.637468
12,729600,318750000,2133000000,4,14.4340725
12,729600,318750000,3199000000,4,15.663395
4,729600,522750000,665600000,4,14.979662
4,729600,522750000,2133000000,4,13.168179
4,729600,522750000,3199000000,4,14.256987
8,729600,522750000,665600000,4,15.314626
8,729600,522750000,2133000000,4,13.285473
8,729600,522750000,3199000000,4,14.159149
12,729600,522750000,665600000,4,17.13884
12,729600,522750000,2133000000,4,15.969004
12,729600,522750000,3199000000,4,16.605545
4,729600,726750000,665600000,4,16.740883
4,729600,726750000,2133000000,4,14.813462
4,729600,726750000,3199000000,4,15.429958
8,729600,726750000,665600000,4,17.311974
8,729600,726750000,2133000000,4,15.955238
8,729600,726750000,3199000000,4,16.253296
12,729600,726750000,665600000,4,19.239006
12,729600,726750000,2133000000,4,18.796818
12,729600,726750000,3199000000,4,18.933163
4,729600,930750000,665600000,4,18.988346
4,729600,930750000,2133000000,4,17.728924
4,729600,930750000,3199000000,4,18.08763
8,729600,930750000,665600000,4,19.863632
8,729600,930750000,2133000000,4,19.105799
8,729600,930750000,3199000000,4,19.286497
12,729600,930750000,665600000,4,21.987896
12,729600,930750000,2133000000,4,21.80802
12,729600,930750000,3199000000,4,21.875118
4,729600,1134750000,665600000,4,21.72738
4,729600,1134750000,2133000000,4,20.920107
4,729600,1134750000,3199000000,4,21.178144
8,729600,1134750000,665600000,4,22.871948
8,729600,1134750000,2133000000,4,22.39917
8,729600,1134750000,3199000000,4,22.476234
12,729600,1134750000,665600000,4,24.987679
12,729600,1134750000,2133000000,4,24.856686
12,729600,1134750000,3199000000,4,24.95861
4,729600,1300500000,665600000,4,24.214977
4,729600,1300500000,2133000000,4,23.540611
4,729600,1300500000,3199000000,4,23.77693
8,729600,1300500000,665600000,4,25.46618
8,729600,1300500000,2133000000,4,25.08765
8,729600,1300500000,3199000000,4,25.14758
12,729600,1300500000,665600000,4,27.556257
12,729600,1300500000,2133000000,4,27.41062
12,729600,1300500000,3199000000,4,27.512203
4,1036800,114750000,665600000,4,15.101457
4,1036800,114750000,2133000000,4,16.022938
4,1036800,114750000,3199000000,4,17.515215
8,1036800,114750000,665600000,4,13.940172
8,1036800,114750000,2133000000,4,14.697445
8,1036800,114750000,3199000000,4,16.24889
12,1036800,114750000,665600000,4,14.692184
12,1036800,114750000,2133000000,4,14.8337
12,1036800,114750000,3199000000,4,16.405468
4,1036800,318750000,665600000,4,14.702155
4,1036800,318750000,2133000000,4,14.614677
4,1036800,318750000,3199000000,4,16.168097
8,1036800,318750000,665600000,4,14.146862
8,1036800,318750000,2133000000,4,13.092775
8,1036800,318750000,3199000000,4,14.989757
12,1036800,318750000,665600000,4,15.520059
12,1036800,318750000,2133000000,4,14.3438225
12,1036800,318750000,3199000000,4,15.897986
4,1036800,522750000,665600000,4,15.687012
4,1036800,522750000,2133000000,4,14.281997
4,1036800,522750000,3199000000,4,15.713161
8,1036800,522750000,665600000,4,15.698552
8,1036800,522750000,2133000000,4,13.693029
8,1036800,522750000,3199000000,4,14.941145
12,1036800,522750000,665600000,4,17.15613
12,1036800,522750000,2133000000,4,16.238853
12,1036800,522750000,3199000000,4,16.893845
4,1036800,726750000,665600000,4,17.498243
4,1036800,726750000,2133000000,4,15.92689
4,1036800,726750000,3199000000,4,16.696407
8,1036800,726750000,665600000,4,17.714834
8,1036800,726750000,2133000000,4,16.647509
8,1036800,726750000,3199000000,4,16.996918
12,1036800,726750000,665600000,4,19.483843
12,1036800,726750000,2133000000,4,19.183624
12,1036800,726750000,3199000000,4,19.305912
4,1036800,930750000,665600000,4,19.743917
4,1036800,930750000,2133000000,4,18.823215
4,1036800,930750000,3199000000,4,19.224113
8,1036800,930750000,665600000,4,20.457344
8,1036800,930750000,2133000000,4,19.864868
8,1036800,930750000,3199000000,4,20.086563
12,1036800,930750000,665600000,4,22.381334
12,1036800,930750000,2133000000,4,22.220642
12,1036800,930750000,3199000000,4,22.311666
4,1036800,1134750000,665600000,4,22.557846
4,1036800,1134750000,2133000000,4,21.966831
4,1036800,1134750000,3199000000,4,22.249418
8,1036800,1134750000,665600000,4,23.556557
8,1036800,1134750000,2133000000,4,23.173521
8,1036800,1134750000,3199000000,4,23.282701
12,1036800,1134750000,665600000,4,25.508516
12,1036800,1134750000,2133000000,4,25.35631
12,1036800,1134750000,3199000000,4,25.438343
4,1036800,1300500000,665600000,4,25.019627
4,1036800,1300500000,2133000000,4,24.571384
4,1036800,1300500000,3199000000,4,24.819326
8,1036800,1300500000,665600000,4,26.1786
8,1036800,1300500000,2133000000,4,25.86708
8,1036800,1300500000,3199000000,4,25.946175
12,1036800,1300500000,665600000,4,28.102978
12,1036800,1300500000,2133000000,4,27.99485
12,1036800,1300500000,3199000000,4,28.044472
4,1344000,114750000,665600000,4,16.057026
4,1344000,114750000,2133000000,4,17.063377
4,1344000,114750000,3199000000,4,18.616175
8,1344000,114750000,665600000,4,14.535272
8,1344000,114750000,2133000000,4,15.502521
8,1344000,114750000,3199000000,4,17.132954
12,1344000,114750000,665600000,4,14.676046
12,1344000,114750000,2133000000,4,14.999915
12,1344000,114750000,3199000000,4,16.841007
4,1344000,318750000,665600000,4,15.651762
4,1344000,318750000,2133000000,4,15.924925
4,1344000,318750000,3199000000,4,17.529186
8,1344000,318750000,665600000,4,14.69846
8,1344000,318750000,2133000000,4,13.925906
8,1344000,318750000,3199000000,4,16.16705
12,1344000,318750000,665600000,4,15.572437
12,1344000,318750000,2133000000,4,14.586979
12,1344000,318750000,3199000000,4,16.394547
4,1344000,522750000,665600000,4,16.591005
4,1344000,522750000,2133000000,4,15.6495
4,1344000,522750000,3199000000,4,17.347721
8,1344000,522750000,665600000,4,16.333782
8,1344000,522750000,2133000000,4,14.668694
8,1344000,522750000,3199000000,4,16.165186
12,1344000,522750000,665600000,4,17.30041
12,1344000,522750000,2133000000,4,16.651012
12,1344000,522750000,3199000000,4,17.363659
4,1344000,726750000,665600000,4,18.42065
4,1344000,726750000,2133000000,4,17.219938
4,1344000,726750000,3199000000,4,18.17408
8,1344000,726750000,665600000,4,18.365908
8,1344000,726750000,2133000000,4,17.625906
8,1344000,726750000,3199000000,4,18.09571
12,1344000,726750000,665600000,4,19.86817
12,1344000,726750000,2133000000,4,19.599964
12,1344000,726750000,3199000000,4,19.802559
4,1344000,930750000,665600000,4,20.706234
4,1344000,930750000,2133000000,4,20.06229
4,1344000,930750000,3199000000,4,20.492355
8,1344000,930750000,665600000,4,21.212786
8,1344000,930750000,2133000000,4,20.794512
8,1344000,930750000,3199000000,4,21.111298
12,1344000,930750000,665600000,4,22.899252
12,1344000,930750000,2133000000,4,22.712046
12,1344000,930750000,3199000000,4,22.829863
4,1344000,1134750000,665600000,4,23.495657
4,1344000,1134750000,2133000000,4,23.145363
4,1344000,1134750000,3199000000,4,23.432516
8,1344000,1134750000,665600000,4,24.356243
8,1344000,1134750000,2133000000,4,24.040836
8,1344000,1134750000,3199000000,4,24.297567
12,1344000,1134750000,665600000,4,26.07404
12,1344000,1134750000,2133000000,4,25.961258
12,1344000,1134750000,3199000000,4,26.039982
4,1344000,1300500000,665600000,4,25.934467
4,1344000,1300500000,2133000000,4,25.696278
4,1344000,1300500000,3199000000,4,25.957638
8,1344000,1300500000,665600000,4,27.006523
8,1344000,1300500000,2133000000,4,26.73199
8,1344000,1300500000,3199000000,4,26.918612
12,1344000,1300500000,665600000,4,28.721718
12,1344000,1300500000,2133000000,4,28.635761
12,1344000,1300500000,3199000000,4,28.678425
4,1651200,114750000,665600000,4,17.209831
4,1651200,114750000,2133000000,4,18.29496
4,1651200,114750000,3199000000,4,19.863998
8,1651200,114750000,665600000,4,15.376237
8,1651200,114750000,2133000000,4,16.43467
8,1651200,114750000,3199000000,4,18.182583
12,1651200,114750000,665600000,4,14.969212
12,1651200,114750000,2133000000,4,15.453391
12,1651200,114750000,3199000000,4,17.692572
4,1651200,318750000,665600000,4,16.812828
4,1651200,318750000,2133000000,4,17.34814
4,1651200,318750000,3199000000,4,19.046402
8,1651200,318750000,665600000,4,15.519881
8,1651200,318750000,2133000000,4,15.172636
8,1651200,318750000,3199000000,4,17.599766
12,1651200,318750000,665600000,4,15.85111
12,1651200,318750000,2133000000,4,15.196238
12,1651200,318750000,3199000000,4,17.296892
4,1651200,522750000,665600000,4,17.708115
4,1651200,522750000,2133000000,4,17.18385
4,1651200,522750000,3199000000,4,19.073744
8,1651200,522750000,665600000,4,17.085388
8,1651200,522750000,2133000000,4,16.090693
8,1651200,522750000,3199000000,4,17.786194
12,1651200,522750000,665600000,4,17.753752
12,1651200,522750000,2133000000,4,17.219662
12,1651200,522750000,3199000000,4,18.18945
4,1651200,726750000,665600000,4,19.535265
4,1651200,726750000,2133000000,4,18.723957
4,1651200,726750000,3199000000,4,19.88483
8,1651200,726750000,665600000,4,19.294418
8,1651200,726750000,2133000000,4,18.794582
8,1651200,726750000,3199000000,4,19.436407
12,1651200,726750000,665600000,4,20.427631
12,1651200,726750000,2133000000,4,20.144955
12,1651200,726750000,3199000000,4,20.507063
4,1651200,930750000,665600000,4,21.84271
4,1651200,930750000,2133000000,4,21.426964
4,1651200,930750000,3199000000,4,21.912067
8,1651200,930750000,665600000,4,22.110523
8,1651200,930750000,2133000000,4,21.86731
8,1651200,930750000,3199000000,4,22.247683
12,1651200,930750000,665600000,4,23.506569
12,1651200,930750000,2133000000,4,23.367224
12,1651200,930750000,3199000000,4,23.528553
4,1651200,1134750000,665600000,4,24.575788
4,1651200,1134750000,2133000000,4,24.396252
4,1651200,1134750000,3199000000,4,24.741371
8,1651200,1134750000,665600000,4,25.263353
8,1651200,1134750000,2133000000,4,25.043318
8,1651200,1134750000,3199000000,4,25.357107
12,1651200,1134750000,665600000,4,26.758352
12,1651200,1134750000,2133000000,4,26.662392
12,1651200,1134750000,3199000000,4,26.766945
4,1651200,1300500000,665600000,4,26.982912
4,1651200,1300500000,2133000000,4,26.903368
4,1651200,1300500000,3199000000,4,27.212128
8,1651200,1300500000,665600000,4,27.905548
8,1651200,1300500000,2133000000,4,27.689323
8,1651200,1300500000,3199000000,4,27.952686
12,1651200,1300500000,665600000,4,29.43754
12,1651200,1300500000,2133000000,4,29.351818
12,1651200,1300500000,3199000000,4,29.421825
4,1958400,114750000,665600000,4,18.466877
4,1958400,114750000,2133000000,4,19.600502
4,1958400,114750000,3199000000,4,21.205729
8,1958400,114750000,665600000,4,16.44001
8,1958400,114750000,2133000000,4,17.510578
8,1958400,114750000,3199000000,4,19.532982
12,1958400,114750000,665600000,4,15.633384
12,1958400,114750000,2133000000,4,16.318283
12,1958400,114750000,3199000000,4,18.838552
4,1958400,318750000,665600000,4,18.119408
4,1958400,318750000,2133000000,4,18.831573
4,1958400,318750000,3199000000,4,20.673338
8,1958400,318750000,665600000,4,16.567726
8,1958400,318750000,2133000000,4,16.734913
8,1958400,318750000,3199000000,4,19.232481
12,1958400,318750000,665600000,4,16.504892
12,1958400,318750000,2133000000,4,16.310707
12,1958400,318750000,3199000000,4,18.535458
4,1958400,522750000,665600000,4,18.965132
4,1958400,522750000,2133000000,4,18.887625
4,1958400,522750000,3199000000,4,20.835924
8,1958400,522750000,665600000,4,18.112995
8,1958400,522750000,2133000000,4,17.74414
8,1958400,522750000,3199000000,4,19.531368
12,1958400,522750000,665600000,4,18.539995
12,1958400,522750000,2133000000,4,18.155964
12,1958400,522750000,3199000000,4,19.349203
4,1958400,726750000,665600000,4,20.790522
4,1958400,726750000,2133000000,4,20.32175
4,1958400,726750000,3199000000,4,21.679867
8,1958400,726750000,665600000,4,20.423744
8,1958400,726750000,2133000000,4,20.154295
8,1958400,726750000,3199000000,4,20.97586
12,1958400,726750000,665600000,4,21.217384
12,1958400,726750000,2133000000,4,20.984186
12,1958400,726750000,3199000000,4,21.532648
4,1958400,930750000,665600000,4,23.11758
4,1958400,930750000,2133000000,4,22.863546
4,1958400,930750000,3199000000,4,23.475668
8,1958400,930750000,665600000,4,23.186768
8,1958400,930750000,2133000000,4,23.09237
8,1958400,930750000,3199000000,4,23.520668
12,1958400,930750000,665600000,4,24.334204
12,1958400,930750000,2133000000,4,24.18118
12,1958400,930750000,3199000000,4,24.45411
4,1958400,1134750000,665600000,4,25.792992
4,1958400,1134750000,2133000000,4,25.748394
4,1958400,1134750000,3199000000,4,26.132334
8,1958400,1134750000,665600000,4,26.290146
8,1958400,1134750000,2133000000,4,26.200102
8,1958400,1134750000,3199000000,4,26.525892
12,1958400,1134750000,665600000,4,27.59457
12,1958400,1134750000,2133000000,4,27.470396
12,1958400,1134750000,3199000000,4,27.642876
4,1958400,1300500000,665600000,4,28.193813
4,1958400,1300500000,2133000000,4,28.184864
4,1958400,1300500000,3199000000,4,28.516834
8,1958400,1300500000,665600000,4,28.891615
8,1958400,1300500000,2133000000,4,28.796492
8,1958400,1300500000,3199000000,4,29.066036
12,1958400,1300500000,665600000,4,30.271618
12,1958400,1300500000,2133000000,4,30.15494
12,1958400,1300500000,3199000000,4,30.297096
4,2201600,114750000,665600000,4,19.531725
4,2201600,114750000,2133000000,4,20.71418
4,2201600,114750000,3199000000,4,22.349087
8,2201600,114750000,665600000,4,17.398817
8,2201600,114750000,2133000000,4,18.506939
8,2201600,114750000,3199000000,4,20.716978
12,2201600,114750000,665600000,4,16.376411
12,2201600,114750000,2133000000,4,17.264853
12,2201600,114750000,3199000000,4,19.842108
4,2201600,318750000,665600000,4,19.213083
4,2201600,318750000,2133000000,4,20.067965
4,2201600,318750000,3199000000,4,21.992153
8,2201600,318750000,665600000,4,17.540749
8,2201600,318750000,2133000000,4,18.074585
8,2201600,318750000,3199000000,4,20.563396
12,2201600,318750000,665600000,4,17.205936
12,2201600,318750000,2133000000,4,17.469606
12,2201600,318750000,3199000000,4,19.694363
4,2201600,522750000,665600000,4,20.041063
4,2201600,522750000,2133000000,4,20.283953
4,2201600,522750000,3199000000,4,22.24754
8,2201600,522750000,665600000,4,19.056622
8,2201600,522750000,2133000000,4,19.11545
8,2201600,522750000,3199000000,4,20.939953
12,2201600,522750000,665600000,4,19.291924
12,2201600,522750000,2133000000,4,19.198032
12,2201600,522750000,3199000000,4,20.516563
4,2201600,726750000,665600000,4,21.849632
4,2201600,726750000,2133000000,4,21.637802
4,2201600,726750000,3199000000,4,23.124104
8,2201600,726750000,665600000,4,21.402454
8,2201600,726750000,2133000000,4,21.332947
8,2201600,726750000,3199000000,4,22.298756
12,2201600,726750000,665600000,4,22.021118
12,2201600,726750000,2133000000,4,21.885235
12,2201600,726750000,3199000000,4,22.532743
4,2201600,930750000,665600000,4,24.192612
4,2201600,930750000,2133000000,4,24.049725
4,2201600,930750000,3199000000,4,24.789726
8,2201600,930750000,665600000,4,24.133202
8,2201600,930750000,2133000000,4,24.15562
8,2201600,930750000,3199000000,4,24.62526
12,2201600,930750000,665600000,4,25.109402
12,2201600,930750000,2133000000,4,24.97098
12,2201600,930750000,3199000000,4,25.341835
4,2201600,1134750000,665600000,4,26.856533
4,2201600,1134750000,2133000000,4,26.868599
4,2201600,1134750000,3199000000,4,27.278828
8,2201600,1134750000,665600000,4,27.184174
8,2201600,1134750000,2133000000,4,27.186243
8,2201600,1134750000,3199000000,4,27.514477
12,2201600,1134750000,665600000,4,28.3373
12,2201600,1134750000,2133000000,4,28.201645
12,2201600,1134750000,3199000000,4,28.454327
4,2201600,1300500000,665600000,4,29.195572
4,2201600,1300500000,2133000000,4,29.253723
4,2201600,1300500000,3199000000,4,29.60577
8,2201600,1300500000,665600000,4,29.748121
8,2201600,1300500000,2133000000,4,29.725246
8,2201600,1300500000,3199000000,4,30.01165
12,2201600,1300500000,665600000,4,30.99571
12,2201600,1300500000,2133000000,4,30.858473
12,2201600,1300500000,3199000000,4,31.084492
4,422400,114750000,665600000,16,13.615204
4,422400,114750000,2133000000,16,14.20229
4,422400,114750000,3199000000,16,15.745282
8,422400,114750000,665600000,16,13.609401
8,422400,114750000,2133000000,16,13.859695
8,422400,114750000,3199000000,16,15.251467
12,422400,114750000,665600000,16,15.024781
12,422400,114750000,2133000000,16,14.867119
12,422400,114750000,3199000000,16,16.07936
4,422400,318750000,665600000,16,13.327509
4,422400,318750000,2133000000,16,12.595663
4,422400,318750000,3199000000,16,14.100087
8,422400,318750000,665600000,16,13.845018
8,422400,318750000,2133000000,16,12.880715
8,422400,318750000,3199000000,16,13.996516
12,422400,318750000,665600000,16,15.700815
12,422400,318750000,2133000000,16,14.51253
12,422400,318750000,3199000000,16,15.49825
4,422400,522750000,665600000,16,14.253987
4,422400,522750000,2133000000,16,12.284238
4,422400,522750000,3199000000,16,13.223984
8,422400,522750000,665600000,16,15.063072
8,422400,522750000,2133000000,16,13.123472
8,422400,522750000,3199000000,16,13.7683115
12,422400,522750000,665600000,16,17.088247
12,422400,522750000,2133000000,16,15.696336
12,422400,522750000,3199000000,16,16.299198
4,422400,726750000,665600000,16,16.056564
4,422400,726750000,2133000000,16,13.813462
4,422400,726750000,3199000000,16,14.271677
8,422400,726750000,665600000,16,16.917
8,422400,726750000,2133000000,16,15.280594
8,422400,726750000,3199000000,16,15.59244
12,422400,726750000,665600000,16,18.884705
12,422400,726750000,2133000000,16,18.19657
12,422400,726750000,3199000000,16,18.427607
4,422400,930750000,665600000,16,18.211872
4,422400,930750000,2133000000,16,16.614002
4,422400,930750000,3199000000,16,16.909752
8,422400,930750000,665600000,16,19.16212
8,422400,930750000,2133000000,16,18.28713
8,422400,930750000,3199000000,16,18.467411
12,422400,930750000,665600000,16,21.456318
12,422400,930750000,2133000000,16,21.15513
12,422400,930750000,3199000000,16,21.24422
4,422400,1134750000,665600000,16,20.762356
4,422400,1134750000,2133000000,16,19.770565
4,422400,1134750000,3199000000,16,19.996271
8,422400,1134750000,665600000,16,22.118961
8,422400,1134750000,2133000000,16,21.51437
8,422400,1134750000,3199000000,16,21.610985
12,422400,1134750000,665600000,16,24.353327
12,422400,1134750000,2133000000,16,24.179354
12,422400,1134750000,3199000000,16,24.27238
4,422400,1300500000,665600000,16,23.237503
4,422400,1300500000,2133000000,16,22.438232
4,422400,1300500000,3199000000,16,22.600163
8,422400,1300500000,665600000,16,24.650772
8,422400,1300500000,2133000000,16,24.186546
8,422400,1300500000,3199000000,16,24.236395
12,422400,1300500000,665600000,16,26.819712
12,422400,1300500000,2133000000,16,26.670195
12,422400,1300500000,3199000000,16,26.79868
4,729600,114750000,665600000,16,14.171799
4,729600,114750000,2133000000,16,15.029399
4,729600,114750000,3199000000,16,16.573008
8,729600,114750000,665600000,16,13.506422
8,729600,114750000,2133000000,16,14.072581
8,729600,114750000,3199000000,16,15.607386
12,729600,114750000,665600000,16,14.707981
12,729600,114750000,2133000000,16,14.727597
12,729600,114750000,3199000000,16,16.147015
4,729600,318750000,665600000,16,13.803003
4,729600,318750000,2133000000,16,13.388777
4,729600,318750000,3199000000,16,14.989835
8,729600,318750000,665600000,16,13.676041
8,729600,318750000,2133000000,16,12.685043
8,729600,318750000,3199000000,16,14.249039
12,729600,318750000,665600000,16,15.472127
12,729600,318750000,2133000000,16,14.258039
12,729600,318750000,3199000000,16,15.535772
4,729600,522750000,665600000,16,14.757114
4,729600,522750000,2133000000,16,12.988909
4,729600,522750000,3199000000,16,14.182422
8,729600,522750000,665600000,16,15.121364
8,729600,522750000,2133000000,16,13.025603
8,729600,522750000,3199000000,16,14.055483
12,729600,522750000,665600000,16,16.952583
12,729600,522750000,2133000000,16,15.765525
12,729600,522750000,3199000000,16,16.448776
4,729600,726750000,665600000,16,16.538324
4,729600,726750000,2133000000,16,14.62434
4,729600,726750000,3199000000,16,15.30144
8,729600,726750000,665600000,16,17.12211
8,729600,726750000,2133000000,16,15.676744
8,729600,726750000,3199000000,16,16.069462
12,729600,726750000,665600000,16,18.970549
12,729600,726750000,2133000000,16,18.541399
12,729600,726750000,3199000000,16,18.704765
4,729600,930750000,665600000,16,18.782211
4,729600,930750000,2133000000,16,17.530487
4,729600,930750000,3199000000,16,17.931585
8,729600,930750000,665600000,16,19.613586
8,729600,930750000,2133000000,16,18.856674
8,729600,930750000,3199000000,16,19.058952
12,729600,930750000,665600000,16,21.737503
12,729600,930750000,2133000000,16,21.550014
12,729600,930750000,3199000000,16,21.628233
4,729600,1134750000,665600000,16,21.49911
4,729600,1134750000,2133000000,16,20.71501
4,729600,1134750000,3199000000,16,21.00547
8,729600,1134750000,665600000,16,22.649548
8,729600,1134750000,2133000000,16,22.151104
8,729600,1134750000,3199000000,16,22.24155
12,729600,1134750000,665600000,16,24.737309
12,729600,1134750000,2133000000,16,24.60411
12,729600,1134750000,3199000000,16,24.712555
4,729600,1300500000,665600000,16,23.991999
4,729600,1300500000,2133000000,16,23.334396
4,729600,1300500000,3199000000,16,23.609375
8,729600,1300500000,665600000,16,25.250496
8,729600,1300500000,2133000000,16,24.84678
8,729600,1300500000,3199000000,16,24.91814
12,729600,1300500000,665600000,16,27.314741
12,729600,1300500000,2133000000,16,27.180027
12,729600,1300500000,3199000000,16,27.27721
4,1036800,114750000,665600000,16,14.954478
4,1036800,114750000,2133000000,16,15.972678
4,1036800,114750000,3199000000,16,17.495888
8,1036800,114750000,665600000,16,13.733818
8,1036800,114750000,2133000000,16,14.615307
8,1036800,114750000,3199000000,16,16.28714
12,1036800,114750000,665600000,16,14.493616
12,1036800,114750000,2133000000,16,14.699718
12,1036800,114750000,3199000000,16,16.349672
4,1036800,318750000,665600000,16,14.503586
4,1036800,318750000,2133000000,16,14.5184555
4,1036800,318750000,3199000000,16,16.132708
8,1036800,318750000,665600000,16,13.931808
8,1036800,318750000,2133000000,16,12.917007
8,1036800,318750000,3199000000,16,14.916169
12,1036800,318750000,665600000,16,15.324228
12,1036800,318750000,2133000000,16,14.137459
12,1036800,318750000,3199000000,16,15.759493
4,1036800,522750000,665600000,16,15.47674
4,1036800,522750000,2133000000,16,14.121208
4,1036800,522750000,3199000000,16,15.620333
8,1036800,522750000,665600000,16,15.497742
8,1036800,522750000,2133000000,16,13.388727
8,1036800,522750000,3199000000,16,14.831346
12,1036800,522750000,665600000,16,16.913506
12,1036800,522750000,2133000000,16,15.996347
12,1036800,522750000,3199000000,16,16.700594
4,1036800,726750000,665600000,16,17.272345
4,1036800,726750000,2133000000,16,15.759357
4,1036800,726750000,3199000000,16,16.554173
8,1036800,726750000,665600000,16,17.503334
8,1036800,726750000,2133000000,16,16.390078
8,1036800,726750000,3199000000,16,16.825203
12,1036800,726750000,665600000,16,19.206419
12,1036800,726750000,2133000000,16,18.928219
12,1036800,726750000,3199000000,16,19.067944
4,1036800,930750000,665600000,16,19.541054
4,1036800,930750000,2133000000,16,18.637434
4,1036800,930750000,3199000000,16,19.079712
8,1036800,930750000,665600000,16,20.212791
8,1036800,930750000,2133000000,16,19.628838
8,1036800,930750000,3199000000,16,19.915722
12,1036800,930750000,665600000,16,22.11718
12,1036800,930750000,2133000000,16,21.961609
12,1036800,930750000,3199000000,16,22.071596
4,1036800,1134750000,665600000,16,22.320354
4,1036800,1134750000,2133000000,16,21.775429
4,1036800,1134750000,3199000000,16,22.084953
8,1036800,1134750000,665600000,16,23.345743
8,1036800,1134750000,2133000000,16,22.936876
8,1036800,1134750000,3199000000,16,23.112633
12,1036800,1134750000,665600000,16,25.251957
12,1036800,1134750000,2133000000,16,25.118252
12,1036800,1134750000,3199000000,16,25.20432
4,1036800,1300500000,665600000,16,24.814663
4,1036800,1300500000,2133000000,16,24.374155
4,1036800,1300500000,3199000000,16,24.659506
8,1036800,1300500000,665600000,16,25.970669
8,1036800,1300500000,2133000000,16,25.635952
8,1036800,1300500000,3199000000,16,25.759352
12,1036800,1300500000,665600000,16,27.85908
12,1036800,1300500000,2133000000,16,27.775946
12,1036800,1300500000,3199000000,16,27.814602
4,1344000,114750000,665600000,16,15.958185
4,1344000,114750000,2133000000,16,17.060644
4,1344000,114750000,3199000000,16,18.59708
8,1344000,114750000,665600000,16,14.374141
8,1344000,114750000,2133000000,16,15.439494
8,1344000,114750000,3199000000,16,17.143845
12,1344000,114750000,665600000,16,14.449366
12,1344000,114750000,2133000000,16,14.874487
12,1344000,114750000,3199000000,16,16.78756
4,1344000,318750000,665600000,16,15.483914
4,1344000,318750000,2133000000,16,15.84774
4,1344000,318750000,3199000000,16,17.4619
8,1344000,318750000,665600000,16,14.492737
8,1344000,318750000,2133000000,16,13.797474
8,1344000,318750000,3199000000,16,16.108238
12,1344000,318750000,665600000,16,15.297371
12,1344000,318750000,2133000000,16,14.309937
12,1344000,318750000,3199000000,16,16.210794
4,1344000,522750000,665600000,16,16.419
4,1344000,522750000,2133000000,16,15.493219
4,1344000,522750000,3199000000,16,17.260027
8,1344000,522750000,665600000,16,16.123617
8,1344000,522750000,2133000000,16,14.402412
8,1344000,522750000,3199000000,16,16.044392
12,1344000,522750000,665600000,16,17.032558
12,1344000,522750000,2133000000,16,16.378622
12,1344000,522750000,3199000000,16,17.159063
4,1344000,726750000,665600000,16,18.187172
4,1344000,726750000,2133000000,16,17.077766
4,1344000,726750000,3199000000,16,18.050676
8,1344000,726750000,665600000,16,18.124466
8,1344000,726750000,2133000000,16,17.393112
8,1344000,726750000,3199000000,16,17.937775
12,1344000,726750000,665600000,16,19.58496
12,1344000,726750000,2133000000,16,19.337378
12,1344000,726750000,3199000000,16,19.56721
4,1344000,930750000,665600000,16,20.491032
4,1344000,930750000,2133000000,16,19.87495
4,1344000,930750000,3199000000,16,20.35837
8,1344000,930750000,665600000,16,20.973757
8,1344000,930750000,2133000000,16,20.565966
8,1344000,930750000,3199000000,16,20.952723
12,1344000,930750000,665600000,16,22.616615
12,1344000,930750000,2133000000,16,22.47147
12,1344000,930750000,3199000000,16,22.595716
4,1344000,1134750000,665600000,16,23.25645
4,1344000,1134750000,2133000000,16,22.942053
4,1344000,1134750000,3199000000,16,23.287807
8,1344000,1134750000,665600000,16,24.13616
8,1344000,1134750000,2133000000,16,23.813107
8,1344000,1134750000,3199000000,16,24.135338
12,1344000,1134750000,665600000,16,25.815914
12,1344000,1134750000,2133000000,16,25.739738
12,1344000,1134750000,3199000000,16,25.817316
4,1344000,1300500000,665600000,16,25.725151
4,1344000,1300500000,2133000000,16,25.499695
4,1344000,1300500000,3199000000,16,25.805561
8,1344000,1300500000,665600000,16,26.780933
8,1344000,1300500000,2133000000,16,26.513933
8,1344000,1300500000,3199000000,16,26.751896
12,1344000,1300500000,665600000,16,28.488052
12,1344000,1300500000,2133000000,16,28.40968
12,1344000,1300500000,3199000000,16,28.465084
4,1651200,114750000,665600000,16,17.107048
4,1651200,114750000,2133000000,16,18.277956
4,1651200,114750000,3199000000,16,19.830708
8,1651200,114750000,665600000,16,15.21933
8,1651200,114750000,2133000000,16,16.3507
8,1651200,114750000,3199000000,16,18.156326
12,1651200,114750000,665600000,16,14.70535
12,1651200,114750000,2133000000,16,15.355469
12,1651200,114750000,3199000000,16,17.636396
4,1651200,318750000,665600000,16,16.65727
4,1651200,318750000,2133000000,16,17.27174
4,1651200,318750000,3199000000,16,18.958323
8,1651200,318750000,665600000,16,15.313228
8,1651200,318750000,2133000000,16,15.034365
8,1651200,318750000,3199000000,16,17.551987
12,1651200,318750000,665600000,16,15.557986
12,1651200,318750000,2133000000,16,14.920984
12,1651200,318750000,3199000000,16,17.164013
4,1651200,522750000,665600000,16,17.548388
4,1651200,522750000,2133000000,16,17.05362
4,1651200,522750000,3199000000,16,18.98566
8,1651200,522750000,665600000,16,16.876873
8,1651200,522750000,2133000000,16,15.858578
8,1651200,522750000,3199000000,16,17.662357
12,1651200,522750000,665600000,16,17.427412
12,1651200,522750000,2133000000,16,16.901518
12,1651200,522750000,3199000000,16,17.9888
4,1651200,726750000,665600000,16,19.33633
4,1651200,726750000,2133000000,16,18.53881
4,1651200,726750000,3199000000,16,19.755493
8,1651200,726750000,665600000,16,19.04287
8,1651200,726750000,2133000000,16,18.590382
8,1651200,726750000,3199000000,16,19.24012
12,1651200,726750000,665600000,16,20.140774
12,1651200,726750000,2133000000,16,19.89447
12,1651200,726750000,3199000000,16,20.308105
4,1651200,930750000,665600000,16,21.61738
4,1651200,930750000,2133000000,16,21.25761
4,1651200,930750000,3199000000,16,21.784897
8,1651200,930750000,665600000,16,21.887045
8,1651200,930750000,2133000000,16,21.67086
8,1651200,930750000,3199000000,16,22.089943
12,1651200,930750000,665600000,16,23.234428
12,1651200,930750000,2133000000,16,23.141397
12,1651200,930750000,3199000000,16,23.337624
4,1651200,1134750000,665600000,16,24.376778
4,1651200,1134750000,2133000000,16,24.218714
4,1651200,1134750000,3199000000,16,24.611057
8,1651200,1134750000,665600000,16,25.03725
8,1651200,1134750000,2133000000,16,24.862955
8,1651200,1134750000,3199000000,16,25.21922
12,1651200,1134750000,665600000,16,26.515217
12,1651200,1134750000,2133000000,16,26.433193
12,1651200,1134750000,3199000000,16,26.570576
4,1651200,1300500000,665600000,16,26.785046
4,1651200,1300500000,2133000000,16,26.721989
4,1651200,1300500000,3199000000,16,27.062899
8,1651200,1300500000,665600000,16,27.686785
8,1651200,1300500000,2133000000,16,27.504747
8,1651200,1300500000,3199000000,16,27.798733
12,1651200,1300500000,665600000,16,29.203209
12,1651200,1300500000,2133000000,16,29.122454
12,1651200,1300500000,3199000000,16,29.216002
4,1958400,114750000,665600000,16,18.376406
4,1958400,114750000,2133000000,16,19.569155
4,1958400,114750000,3199000000,16,21.159084
8,1958400,114750000,665600000,16,16.30801
8,1958400,114750000,2133000000,16,17.447285
8,1958400,114750000,3199000000,16,19.477036
12,1958400,114750000,665600000,16,15.365196
12,1958400,114750000,2133000000,16,16.261541
12,1958400,114750000,3199000000,16,18.758532
4,1958400,318750000,665600000,16,17.980587
4,1958400,318750000,2133000000,16,18.73325
4,1958400,318750000,3199000000,16,20.588573
8,1958400,318750000,665600000,16,16.383444
8,1958400,318750000,2133000000,16,16.595127
8,1958400,318750000,3199000000,16,19.166775
12,1958400,318750000,665600000,16,16.183119
12,1958400,318750000,2133000000,16,16.081291
12,1958400,318750000,3199000000,16,18.414824
4,1958400,522750000,665600000,16,18.780535
4,1958400,522750000,2133000000,16,18.757702
4,1958400,522750000,3199000000,16,20.75769
8,1958400,522750000,665600000,16,17.912058
8,1958400,522750000,2133000000,16,17.50072
8,1958400,522750000,3199000000,16,19.390427
12,1958400,522750000,665600000,16,18.198929
12,1958400,522750000,2133000000,16,17.89611
12,1958400,522750000,3199000000,16,19.151215
4,1958400,726750000,665600000,16,20.610897
4,1958400,726750000,2133000000,16,20.115086
4,1958400,726750000,3199000000,16,21.549364
8,1958400,726750000,665600000,16,20.183964
8,1958400,726750000,2133000000,16,19.957502
8,1958400,726750000,3199000000,16,20.780994
12,1958400,726750000,665600000,16,20.941021
12,1958400,726750000,2133000000,16,20.751207
12,1958400,726750000,3199000000,16,21.347446
4,1958400,930750000,665600000,16,22.915546
4,1958400,930750000,2133000000,16,22.69803
4,1958400,930750000,3199000000,16,23.337713
8,1958400,930750000,665600000,16,22.945892
8,1958400,930750000,2133000000,16,22.920956
8,1958400,930750000,3199000000,16,23.36234
12,1958400,930750000,665600000,16,24.095636
12,1958400,930750000,2133000000,16,23.948807
12,1958400,930750000,3199000000,16,24.296217
4,1958400,1134750000,665600000,16,25.596928
4,1958400,1134750000,2133000000,16,25.56937
4,1958400,1134750000,3199000000,16,26.003014
8,1958400,1134750000,665600000,16,26.061178
8,1958400,1134750000,2133000000,16,26.037521
8,1958400,1134750000,3199000000,16,26.3736
12,1958400,1134750000,665600000,16,27.367516
12,1958400,1134750000,2133000000,16,27.243732
12,1958400,1134750000,3199000000,16,27.471962
4,1958400,1300500000,665600000,16,28.012657
4,1958400,1300500000,2133000000,16,28.012455
4,1958400,1300500000,3199000000,16,28.380817
8,1958400,1300500000,665600000,16,28.66151
8,1958400,1300500000,2133000000,16,28.622423
8,1958400,1300500000,3199000000,16,28.922953
12,1958400,1300500000,665600000,16,30.045094
12,1958400,1300500000,2133000000,16,29.931759
12,1958400,1300500000,3199000000,16,30.126366
4,2201600,114750000,665600000,16,19.444485
4,2201600,114750000,2133000000,16,20.659138
4,2201600,114750000,3199000000,16,22.290916
8,2201600,114750000,665600000,16,17.293423
8,2201600,114750000,2133000000,16,18.442612
8,2201600,114750000,3199000000,16,20.667498
12,2201600,114750000,665600000,16,16.107954
12,2201600,114750000,2133000000,16,17.196407
12,2201600,114750000,3199000000,16,19.764782
4,2201600,318750000,665600000,16,19.080608
4,2201600,318750000,2133000000,16,19.962044
4,2201600,318750000,3199000000,16,21.919329
8,2201600,318750000,665600000,16,17.371056
8,2201600,318750000,2133000000,16,17.93847
8,2201600,318750000,3199000000,16,20.489662
12,2201600,318750000,665600000,16,16.897346
12,2201600,318750000,2133000000,16,17.264187
12,2201600,318750000,3199000000,16,19.566526
4,2201600,522750000,665600000,16,19.834984
4,2201600,522750000,2133000000,16,20.14146
4,2201600,522750000,3199000000,16,22.163204
8,2201600,522750000,665600000,16,18.86851
8,2201600,522750000,2133000000,16,18.89952
8,2201600,522750000,3199000000,16,20.793049
12,2201600,522750000,665600000,16,18.999832
12,2201600,522750000,2133000000,16,18.978634
12,2201600,522750000,3199000000,16,20.326628
4,2201600,726750000,665600000,16,21.676033
4,2201600,726750000,2133000000,16,21.436218
4,2201600,726750000,3199000000,16,22.981396
8,2201600,726750000,665600000,16,21.192379
8,2201600,726750000,2133000000,16,21.136993
8,2201600,726750000,3199000000,16,22.118086
12,2201600,726750000,665600000,16,21.745613
12,2201600,726750000,2133000000,16,21.678883
12,2201600,726750000,3199000000,16,22.361904
4,2201600,930750000,665600000,16,24.021145
4,2201600,930750000,2133000000,16,23.867893
4,2201600,930750000,3199000000,16,24.635666
8,2201600,930750000,665600000,16,23.898096
8,2201600,930750000,2133000000,16,23.98315
8,2201600,930750000,3199000000,16,24.465591
12,2201600,930750000,665600000,16,24.883518
12,2201600,930750000,2133000000,16,24.765219
12,2201600,930750000,3199000000,16,25.179298
4,2201600,1134750000,665600000,16,26.693256
4,2201600,1134750000,2133000000,16,26.703775
4,2201600,1134750000,3199000000,16,27.151108
8,2201600,1134750000,665600000,16,26.949158
8,2201600,1134750000,2133000000,16,27.034836
8,2201600,1134750000,3199000000,16,27.362026
12,2201600,1134750000,665600000,16,28.11568
12,2201600,1134750000,2133000000,16,27.982038
12,2201600,1134750000,3199000000,16,28.289536
4,2201600,1300500000,665600000,16,29.010027
4,2201600,1300500000,2133000000,16,29.086266
4,2201600,1300500000,3199000000,16,29.473375
8,2201600,1300500000,665600000,16,29.529093
8,2201600,1300500000,2133000000,16,29.570942
8,2201600,1300500000,3199000000,16,29.861614
12,2201600,1300500000,665600000,16,30.7778
12,2201600,1300500000,2133000000,16,30.643768
12,2201600,1300500000,3199000000,16,30.927277
4,422400,114750000,665600000,32,13.502535
4,422400,114750000,2133000000,32,14.184388
4,422400,114750000,3199000000,32,15.764298
8,422400,114750000,665600000,32,13.482563
8,422400,114750000,2133000000,32,13.79701
8,422400,114750000,3199000000,32,15.253185
12,422400,114750000,665600000,32,14.898234
12,422400,114750000,2133000000,32,14.80078
12,422400,114750000,3199000000,32,16.095505
4,422400,318750000,665600000,32,13.19973
4,422400,318750000,2133000000,32,12.590282
4,422400,318750000,3199000000,32,14.152494
8,422400,318750000,665600000,32,13.656914
8,422400,318750000,2133000000,32,12.85219
8,422400,318750000,3199000000,32,14.020405
12,422400,318750000,665600000,32,15.567938
12,422400,318750000,2133000000,32,14.419823
12,422400,318750000,3199000000,32,15.497703
4,422400,522750000,665600000,32,14.102992
4,422400,522750000,2133000000,32,12.297012
4,422400,522750000,3199000000,32,13.308262
8,422400,522750000,665600000,32,14.932128
8,422400,522750000,2133000000,32,13.045134
8,422400,522750000,3199000000,32,13.780878
12,422400,522750000,665600000,32,16.95195
12,422400,522750000,2133000000,32,15.626603
12,422400,522750000,3199000000,32,16.192379
4,422400,726750000,665600000,32,15.86243
4,422400,726750000,2133000000,32,13.747608
4,422400,726750000,3199000000,32,14.265713
8,422400,726750000,665600000,32,16.732132
8,422400,726750000,2133000000,32,15.054279
8,422400,726750000,3199000000,32,15.44961
12,422400,726750000,665600000,32,18.684883
12,422400,726750000,2133000000,32,17.90616
12,422400,726750000,3199000000,32,18.202423
4,422400,930750000,665600000,32,17.97408
4,422400,930750000,2133000000,32,16.43583
4,422400,930750000,3199000000,32,16.831402
8,422400,930750000,665600000,32,18.89828
8,422400,930750000,2133000000,32,18.004744
8,422400,930750000,3199000000,32,18.21671
12,422400,930750000,665600000,32,21.186806
12,422400,930750000,2133000000,32,20.824938
12,422400,930750000,3199000000,32,20.938076
4,422400,1134750000,665600000,32,20.525976
4,422400,1134750000,2133000000,32,19.556622
4,422400,1134750000,3199000000,32,19.808823
8,422400,1134750000,665600000,32,21.823488
8,422400,1134750000,2133000000,32,21.229462
8,422400,1134750000,3199000000,32,21.312645
12,422400,1134750000,665600000,32,24.092834
12,422400,1134750000,2133000000,32,23.845148
12,422400,1134750000,3199000000,32,23.958933
4,422400,1300500000,665600000,32,22.983
4,422400,1300500000,2133000000,32,22.21173
4,422400,1300500000,3199000000,32,22.398115
8,422400,1300500000,665600000,32,24.383183
8,422400,1300500000,2133000000,32,23.886269
8,422400,1300500000,3199000000,32,23.956272
12,422400,1300500000,665600000,32,26.579006
12,422400,1300500000,2133000000,32,26.358583
12,422400,1300500000,3199000000,32,26.481544
4,729600,114750000,665600000,32,14.0319
4,729600,114750000,2133000000,32,15.016423
4,729600,114750000,3199000000,32,16.571827
8,729600,114750000,665600000,32,13.366123
8,729600,114750000,2133000000,32,13.993671
8,729600,114750000,3199000000,32,15.664053
12,729600,114750000,665600000,32,14.563122
12,729600,114750000,2133000000,32,14.643839
12,729600,114750000,3199000000,32,16.138832
4,729600,318750000,665600000,32,13.647362
4,729600,318750000,2133000000,32,13.3784685
4,729600,318750000,3199000000,32,15.047995
8,729600,318750000,665600000,32,13.513063
8,729600,318750000,2133000000,32,12.642833
8,729600,318750000,3199000000,32,14.33558
12,729600,318750000,665600000,32,15.3173065
12,729600,318750000,2133000000,32,14.111101
12,729600,318750000,3199000000,32,15.548076
4,729600,522750000,665600000,32,14.549339
4,729600,522750000,2133000000,32,12.967497
4,729600,522750000,3199000000,32,14.239826
8,729600,522750000,665600000,32,14.957526
8,729600,522750000,2133000000,32,12.893061
8,729600,522750000,3199000000,32,14.12973
12,729600,522750000,665600000,32,16.798244
12,729600,522750000,2133000000,32,15.589563
12,729600,522750000,3199000000,32,16.28547
4,729600,726750000,665600000,32,16.331547
4,729600,726750000,2133000000,32,14.518801
4,729600,726750000,3199000000,32,15.263929
8,729600,726750000,665600000,32,16.914782
8,729600,726750000,2133000000,32,15.431111
8,729600,726750000,3199000000,32,15.935561
12,729600,726750000,665600000,32,18.726448
12,729600,726750000,2133000000,32,18.204348
12,729600,726750000,3199000000,32,18.44669
4,729600,930750000,665600000,32,18.55824
4,729600,930750000,2133000000,32,17.374222
4,729600,930750000,3199000000,32,17.833462
8,729600,930750000,665600000,32,19.33979
8,729600,930750000,2133000000,32,18.581171
8,729600,930750000,3199000000,32,18.857178
12,729600,930750000,665600000,32,21.472832
12,729600,930750000,2133000000,32,21.208057
12,729600,930750000,3199000000,32,21.317097
4,729600,1134750000,665600000,32,21.262133
4,729600,1134750000,2133000000,32,20.523842
4,729600,1134750000,3199000000,32,20.830557
8,729600,1134750000,665600000,32,22.383339
8,729600,1134750000,2133000000,32,21.870827
8,729600,1134750000,3199000000,32,22.032944
12,729600,1134750000,665600000,32,24.504658
12,729600,1134750000,2133000000,32,24.281305
12,729600,1134750000,3199000000,32,24.400646
4,729600,1300500000,665600000,32,23.736
4,729600,1300500000,2133000000,32,23.154964
4,729600,1300500000,3199000000,32,23.42017
8,729600,1300500000,665600000,32,24.991146
8,729600,1300500000,2133000000,32,24.56923
8,729600,1300500000,3199000000,32,24.676643
12,729600,1300500000,665600000,32,27.065548
12,729600,1300500000,2133000000,32,26.879333
12,729600,1300500000,3199000000,32,26.968563
4,1036800,114750000,665600000,32,14.86536
4,1036800,114750000,2133000000,32,15.951888
4,1036800,114750000,3199000000,32,17.522108
8,1036800,114750000,665600000,32,13.6154375
8,1036800,114750000,2133000000,32,14.606728
8,1036800,114750000,3199000000,32,16.376064
12,1036800,114750000,665600000,32,14.314675
12,1036800,114750000,2133000000,32,14.624287
12,1036800,114750000,3199000000,32,16.377066
4,1036800,318750000,665600000,32,14.3621235
4,1036800,318750000,2133000000,32,14.493191
4,1036800,318750000,3199000000,32,16.166206
8,1036800,318750000,665600000,32,13.710921
8,1036800,318750000,2133000000,32,12.916835
8,1036800,318750000,3199000000,32,14.988595
12,1036800,318750000,665600000,32,15.130065
12,1036800,318750000,2133000000,32,14.036452
12,1036800,318750000,3199000000,32,15.730564
4,1036800,522750000,665600000,32,15.2734785
4,1036800,522750000,2133000000,32,14.061863
4,1036800,522750000,3199000000,32,15.6066
8,1036800,522750000,665600000,32,15.293644
8,1036800,522750000,2133000000,32,13.184009
8,1036800,522750000,3199000000,32,14.847789
12,1036800,522750000,665600000,32,16.718534
12,1036800,522750000,2133000000,32,15.731181
12,1036800,522750000,3199000000,32,16.505293
4,1036800,726750000,665600000,32,17.038296
4,1036800,726750000,2133000000,32,15.668455
4,1036800,726750000,3199000000,32,16.519104
8,1036800,726750000,665600000,32,17.302616
8,1036800,726750000,2133000000,32,16.141228
8,1036800,726750000,3199000000,32,16.698292
12,1036800,726750000,665600000,32,18.95042
12,1036800,726750000,2133000000,32,18.593996
12,1036800,726750000,3199000000,32,18.80262
4,1036800,930750000,665600000,32,19.297832
4,1036800,930750000,2133000000,32,18.475037
4,1036800,930750000,3199000000,32,18.97813
8,1036800,930750000,665600000,32,19.955753
8,1036800,930750000,2133000000,32,19.358948
8,1036800,930750000,3199000000,32,19.741816
12,1036800,930750000,665600000,32,21.865383
12,1036800,930750000,2133000000,32,21.623755
12,1036800,930750000,3199000000,32,21.761364
4,1036800,1134750000,665600000,32,22.094505
4,1036800,1134750000,2133000000,32,21.588104
4,1036800,1134750000,3199000000,32,21.94309
8,1036800,1134750000,665600000,32,23.081697
8,1036800,1134750000,2133000000,32,22.65363
8,1036800,1134750000,3199000000,32,22.92506
12,1036800,1134750000,665600000,32,25.003212
12,1036800,1134750000,2133000000,32,24.82566
12,1036800,1134750000,3199000000,32,24.909157
4,1036800,1300500000,665600000,32,24.562916
4,1036800,1300500000,2133000000,32,24.193407
4,1036800,1300500000,3199000000,32,24.496035
8,1036800,1300500000,665600000,32,25.720037
8,1036800,1300500000,2133000000,32,25.360466
8,1036800,1300500000,3199000000,32,25.545885
12,1036800,1300500000,665600000,32,27.594555
12,1036800,1300500000,2133000000,32,27.491344
12,1036800,1300500000,3199000000,32,27.527636
4,1344000,114750000,665600000,32,15.886721
4,1344000,114750000,2133000000,32,17.074966
4,1344000,114750000,3199000000,32,18.642006
8,1344000,114750000,665600000,32,14.203045
8,1344000,114750000,2133000000,32,15.448703
8,1344000,114750000,3199000000,32,17.22997
12,1344000,114750000,665600000,32,14.286176
12,1344000,114750000,2133000000,32,14.831958
12,1344000,114750000,3199000000,32,16.854282
4,1344000,318750000,665600000,32,15.344481
4,1344000,318750000,2133000000,32,15.788569
4,1344000,318750000,3199000000,32,17.464409
8,1344000,318750000,665600000,32,14.276786
8,1344000,318750000,2133000000,32,13.767606
8,1344000,318750000,3199000000,32,16.112139
12,1344000,318750000,665600000,32,15.061296
12,1344000,318750000,2133000000,32,14.15114
12,1344000,318750000,3199000000,32,16.175522
4,1344000,522750000,665600000,32,16.262125
4,1344000,522750000,2133000000,32,15.413652
4,1344000,522750000,3199000000,32,17.252285
8,1344000,522750000,665600000,32,15.85708
8,1344000,522750000,2133000000,32,14.260375
8,1344000,522750000,3199000000,32,16.0916
12,1344000,522750000,665600000,32,16.837996
12,1344000,522750000,2133000000,32,16.08146
12,1344000,522750000,3199000000,32,17.050497
4,1344000,726750000,665600000,32,18.003057
4,1344000,726750000,2133000000,32,17.021196
4,1344000,726750000,3199000000,32,17.989632
8,1344000,726750000,665600000,32,17.9208
8,1344000,726750000,2133000000,32,17.16205
8,1344000,726750000,3199000000,32,17.786083
12,1344000,726750000,665600000,32,19.354956
12,1344000,726750000,2133000000,32,18.996193
12,1344000,726750000,3199000000,32,19.370262
4,1344000,930750000,665600000,32,20.281017
4,1344000,930750000,2133000000,32,19.738941
4,1344000,930750000,3199000000,32,20.271116
8,1344000,930750000,665600000,32,20.74302
8,1344000,930750000,2133000000,32,20.352896
8,1344000,930750000,3199000000,32,20.796623
12,1344000,930750000,665600000,32,22.35714
12,1344000,930750000,2133000000,32,22.185577
12,1344000,930750000,3199000000,32,22.331427
4,1344000,1134750000,665600000,32,23.050259
4,1344000,1134750000,2133000000,32,22.765915
4,1344000,1134750000,3199000000,32,23.153124
8,1344000,1134750000,665600000,32,23.891207
8,1344000,1134750000,2133000000,32,23.595428
8,1344000,1134750000,3199000000,32,23.962805
12,1344000,1134750000,665600000,32,25.548258
12,1344000,1134750000,2133000000,32,25.471806
12,1344000,1134750000,3199000000,32,25.555958
4,1344000,1300500000,665600000,32,25.49986
4,1344000,1300500000,2133000000,32,25.32035
4,1344000,1300500000,3199000000,32,25.650795
8,1344000,1300500000,665600000,32,26.545116
8,1344000,1300500000,2133000000,32,26.28218
8,1344000,1300500000,3199000000,32,26.553238
12,1344000,1300500000,665600000,32,28.22081
12,1344000,1300500000,2133000000,32,28.14635
12,1344000,1300500000,3199000000,32,28.212063
4,1651200,114750000,665600000,32,17.027603
4,1651200,114750000,2133000000,32,18.311066
4,1651200,114750000,3199000000,32,19.866852
8,1651200,114750000,665600000,32,15.096364
8,1651200,114750000,2133000000,32,16.36074
8,1651200,114750000,3199000000,32,18.225075
12,1651200,114750000,665600000,32,14.549658
12,1651200,114750000,2133000000,32,15.363445
12,1651200,114750000,3199000000,32,17.659077
4,1651200,318750000,665600000,32,16.518744
4,1651200,318750000,2133000000,32,17.214298
4,1651200,318750000,3199000000,32,18.939339
8,1651200,318750000,665600000,32,15.113087
8,1651200,318750000,2133000000,32,14.991025
8,1651200,318750000,3199000000,32,17.563988
12,1651200,318750000,665600000,32,15.286911
12,1651200,318750000,2133000000,32,14.725488
12,1651200,318750000,3199000000,32,17.087362
4,1651200,522750000,665600000,32,17.370163
4,1651200,522750000,2133000000,32,16.993345
4,1651200,522750000,3199000000,32,18.95123
8,1651200,522750000,665600000,32,16.677502
8,1651200,522750000,2133000000,32,15.682011
8,1651200,522750000,3199000000,32,17.65474
12,1651200,522750000,665600000,32,17.197918
12,1651200,522750000,2133000000,32,16.614834
12,1651200,522750000,3199000000,32,17.892862
4,1651200,726750000,665600000,32,19.144772
4,1651200,726750000,2133000000,32,18.465496
4,1651200,726750000,3199000000,32,19.644718
8,1651200,726750000,665600000,32,18.812622
8,1651200,726750000,2133000000,32,18.39407
8,1651200,726750000,3199000000,32,19.127726
12,1651200,726750000,665600000,32,19.889378
12,1651200,726750000,2133000000,32,19.600765
12,1651200,726750000,3199000000,32,20.115139
4,1651200,930750000,665600000,32,21.421658
4,1651200,930750000,2133000000,32,21.102585
4,1651200,930750000,3199000000,32,21.670938
8,1651200,930750000,665600000,32,21.657402
8,1651200,930750000,2133000000,32,21.476599
8,1651200,930750000,3199000000,32,21.919704
12,1651200,930750000,665600000,32,22.955942
12,1651200,930750000,2133000000,32,22.865658
12,1651200,930750000,3199000000,32,23.134787
4,1651200,1134750000,665600000,32,24.163628
4,1651200,1134750000,2133000000,32,24.053185
4,1651200,1134750000,3199000000,32,24.490112
8,1651200,1134750000,665600000,32,24.806759
8,1651200,1134750000,2133000000,32,24.668692
8,1651200,1134750000,3199000000,32,25.049294
12,1651200,1134750000,665600000,32,26.233084
12,1651200,1134750000,2133000000,32,26.161327
12,1651200,1134750000,3199000000,32,26.360092
4,1651200,1300500000,665600000,32,26.582577
4,1651200,1300500000,2133000000,32,26.54452
4,1651200,1300500000,3199000000,32,26.907352
8,1651200,1300500000,665600000,32,27.458841
8,1651200,1300500000,2133000000,32,27.292223
8,1651200,1300500000,3199000000,32,27.627913
12,1651200,1300500000,665600000,32,28.923378
12,1651200,1300500000,2133000000,32,28.841639
12,1651200,1300500000,3199000000,32,29.019415
4,1958400,114750000,665600000,32,18.28638
4,1958400,114750000,2133000000,32,19.582117
4,1958400,114750000,3199000000,32,21.170616
8,1958400,114750000,665600000,32,16.21316
8,1958400,114750000,2133000000,32,17.4309
8,1958400,114750000,3199000000,32,19.48494
12,1958400,114750000,665600000,32,15.148125
12,1958400,114750000,2133000000,32,16.279236
12,1958400,114750000,3199000000,32,18.718506
4,1958400,318750000,665600000,32,17.82697
4,1958400,318750000,2133000000,32,18.699364
4,1958400,318750000,3199000000,32,20.559507
8,1958400,318750000,665600000,32,16.206745
8,1958400,318750000,2133000000,32,16.53238
8,1958400,318750000,3199000000,32,19.133602
12,1958400,318750000,665600000,32,15.936798
12,1958400,318750000,2133000000,32,15.914417
12,1958400,318750000,3199000000,32,18.313112
4,1958400,522750000,665600000,32,18.577337
4,1958400,522750000,2133000000,32,18.689861
4,1958400,522750000,3199000000,32,20.704388
8,1958400,522750000,665600000,32,17.736706
8,1958400,522750000,2133000000,32,17.287449
8,1958400,522750000,3199000000,32,19.332058
12,1958400,522750000,665600000,32,17.907888
12,1958400,522750000,2133000000,32,17.665977
12,1958400,522750000,3199000000,32,19.015059
4,1958400,726750000,665600000,32,20.425047
4,1958400,726750000,2133000000,32,19.993345
4,1958400,726750000,3199000000,32,21.410118
8,1958400,726750000,665600000,32,19.977333
8,1958400,726750000,2133000000,32,19.764984
8,1958400,726750000,3199000000,32,20.631994
12,1958400,726750000,665600000,32,20.68905
12,1958400,726750000,2133000000,32,20.569496
12,1958400,726750000,3199000000,32,21.167397
4,1958400,930750000,665600000,32,22.743776
4,1958400,930750000,2133000000,32,22.541206
4,1958400,930750000,3199000000,32,23.193314
8,1958400,930750000,665600000,32,22.744259
8,1958400,930750000,2133000000,32,22.732569
8,1958400,930750000,3199000000,32,23.2154
12,1958400,930750000,665600000,32,23.82608
12,1958400,930750000,2133000000,32,23.740494
12,1958400,930750000,3199000000,32,24.1182
4,1958400,1134750000,665600000,32,25.434956
4,1958400,1134750000,2133000000,32,25.408665
4,1958400,1134750000,3199000000,32,25.87712
8,1958400,1134750000,665600000,32,25.829472
8,1958400,1134750000,2133000000,32,25.843775
8,1958400,1134750000,3199000000,32,26.209326
12,1958400,1134750000,665600000,32,27.079304
12,1958400,1134750000,2133000000,32,26.999315
12,1958400,1134750000,3199000000,32,27.29065
4,1958400,1300500000,665600000,32,27.82254
4,1958400,1300500000,2133000000,32,27.840204
4,1958400,1300500000,3199000000,32,28.25488
8,1958400,1300500000,665600000,32,28.438612
8,1958400,1300500000,2133000000,32,28.425695
8,1958400,1300500000,3199000000,32,28.767155
12,1958400,1300500000,665600000,32,29.759468
12,1958400,1300500000,2133000000,32,29.66658
12,1958400,1300500000,3199000000,32,29.933434
4,2201600,114750000,665600000,32,19.373676
4,2201600,114750000,2133000000,32,20.642052
4,2201600,114750000,3199000000,32,22.27246
8,2201600,114750000,665600000,32,17.191563
8,2201600,114750000,2133000000,32,18.458588
8,2201600,114750000,3199000000,32,20.650414
12,2201600,114750000,665600000,32,15.870058
12,2201600,114750000,2133000000,32,17.211
12,2201600,114750000,3199000000,32,19.713087
4,2201600,318750000,665600000,32,18.949219
4,2201600,318750000,2133000000,32,19.915985
4,2201600,318750000,3199000000,32,21.893394
8,2201600,318750000,665600000,32,17.19173
8,2201600,318750000,2133000000,32,17.885002
8,2201600,318750000,3199000000,32,20.42759
12,2201600,318750000,665600000,32,16.666552
12,2201600,318750000,2133000000,32,17.081219
12,2201600,318750000,3199000000,32,19.488016
4,2201600,522750000,665600000,32,19.644104
4,2201600,522750000,2133000000,32,20.054905
4,2201600,522750000,3199000000,32,22.11159
8,2201600,522750000,665600000,32,18.700096
8,2201600,522750000,2133000000,32,18.682098
8,2201600,522750000,3199000000,32,20.694145
12,2201600,522750000,665600000,32,18.712381
12,2201600,522750000,2133000000,32,18.730206
12,2201600,522750000,3199000000,32,20.182928
4,2201600,726750000,665600000,32,21.491644
4,2201600,726750000,2133000000,32,21.288149
4,2201600,726750000,3199000000,32,22.842978
8,2201600,726750000,665600000,32,20.997992
8,2201600,726750000,2133000000,32,20.922905
8,2201600,726750000,3199000000,32,21.93969
12,2201600,726750000,665600000,32,21.477509
12,2201600,726750000,2133000000,32,21.488667
12,2201600,726750000,3199000000,32,22.21479
4,2201600,930750000,665600000,32,23.83061
4,2201600,930750000,2133000000,32,23.711006
4,2201600,930750000,3199000000,32,24.48893
8,2201600,930750000,665600000,32,23.743473
8,2201600,930750000,2133000000,32,23.802208
8,2201600,930750000,3199000000,32,24.327118
12,2201600,930750000,665600000,32,24.623997
12,2201600,930750000,2133000000,32,24.563778
12,2201600,930750000,3199000000,32,25.00356
4,2201600,1134750000,665600000,32,26.506905
4,2201600,1134750000,2133000000,32,26.535383
4,2201600,1134750000,3199000000,32,27.00961
8,2201600,1134750000,665600000,32,26.741371
8,2201600,1134750000,2133000000,32,26.842451
8,2201600,1134750000,3199000000,32,27.223356
12,2201600,1134750000,665600000,32,27.843597
12,2201600,1134750000,2133000000,32,27.766817
12,2201600,1134750000,3199000000,32,28.111797
4,2201600,1300500000,665600000,32,28.870579
4,2201600,1300500000,2133000000,32,28.914938
4,2201600,1300500000,3199000000,32,29.346424
8,2201600,1300500000,665600000,32,29.318068
8,2201600,1300500000,2133000000,32,29.378353
8,2201600,1300500000,3199000000,32,29.710293
12,2201600,1300500000,665600000,32,30.499104
12,2201600,1300500000,2133000000,32,30.425327
12,2201600,1300500000,3199000000,32,30.73689
4,422400,114750000,665600000,64,13.612982
4,422400,114750000,2133000000,64,14.400526
4,422400,114750000,3199000000,64,15.997844
8,422400,114750000,665600000,64,13.551762
8,422400,114750000,2133000000,64,14.018599
8,422400,114750000,3199000000,64,15.529459
12,422400,114750000,665600000,64,14.952583
12,422400,114750000,2133000000,64,14.926028
12,422400,114750000,3199000000,64,16.25911
4,422400,318750000,665600000,64,13.311848
4,422400,318750000,2133000000,64,13.166515
4,422400,318750000,3199000000,64,14.541204
8,422400,318750000,665600000,64,13.665466
8,422400,318750000,2133000000,64,13.080488
8,422400,318750000,3199000000,64,14.425377
12,422400,318750000,665600000,64,15.589842
12,422400,318750000,2133000000,64,14.617571
12,422400,318750000,3199000000,64,15.710324
4,422400,522750000,665600000,64,14.137529
4,422400,522750000,2133000000,64,12.923785
4,422400,522750000,3199000000,64,13.92216
8,422400,522750000,665600000,64,14.930937
8,422400,522750000,2133000000,64,13.360811
8,422400,522750000,3199000000,64,14.281616
12,422400,522750000,665600000,64,16.85681
12,422400,522750000,2133000000,64,15.76264
12,422400,522750000,3199000000,64,16.235134
4,422400,726750000,665600000,64,15.755199
4,422400,726750000,2133000000,64,14.185288
4,422400,726750000,3199000000,64,14.73683
8,422400,726750000,665600000,64,16.685276
8,422400,726750000,2133000000,64,15.067261
8,422400,726750000,3199000000,64,15.662797
12,422400,726750000,665600000,64,18.582102
12,422400,726750000,2133000000,64,17.647404
12,422400,726750000,3199000000,64,18.030193
4,422400,930750000,665600000,64,17.819523
4,422400,930750000,2133000000,64,16.523642
4,422400,930750000,3199000000,64,17.11922
8,422400,930750000,665600000,64,18.777163
8,422400,930750000,2133000000,64,17.823536
8,422400,930750000,3199000000,64,18.111885
12,422400,930750000,665600000,64,20.843227
12,422400,930750000,2133000000,64,20.312832
12,422400,930750000,3199000000,64,20.502438
4,422400,1134750000,665600000,64,20.238302
4,422400,1134750000,2133000000,64,19.493134
4,422400,1134750000,3199000000,64,19.86274
8,422400,1134750000,665600000,64,21.53168
8,422400,1134750000,2133000000,64,20.919104
8,422400,1134750000,3199000000,64,21.027264
12,422400,1134750000,665600000,64,23.717907
12,422400,1134750000,2133000000,64,23.298552
12,422400,1134750000,3199000000,64,23.38933
4,422400,1300500000,665600000,64,22.662148
4,422400,1300500000,2133000000,64,22.031136
4,422400,1300500000,3199000000,64,22.298805
8,422400,1300500000,665600000,64,24.063318
8,422400,1300500000,2133000000,64,23.580376
8,422400,1300500000,3199000000,64,23.622534
12,422400,1300500000,665600000,64,26.230328
12,422400,1300500000,2133000000,64,25.816988
12,422400,1300500000,3199000000,64,25.905571
4,729600,114750000,665600000,64,14.121894
4,729600,114750000,2133000000,64,15.185514
4,729600,114750000,3199000000,64,16.823214
8,729600,114750000,665600000,64,13.486249
8,729600,114750000,2133000000,64,14.318117
8,729600,114750000,3199000000,64,15.951783
12,729600,114750000,665600000,64,14.589021
12,729600,114750000,2133000000,64,14.805788
12,729600,114750000,3199000000,64,16.3975
4,729600,318750000,665600000,64,13.752411
4,729600,318750000,2133000000,64,13.845823
4,729600,318750000,3199000000,64,15.496584
8,729600,318750000,665600000,64,13.559934
8,729600,318750000,2133000000,64,13.098072
8,729600,318750000,3199000000,64,14.798867
12,729600,318750000,665600000,64,15.326012
12,729600,318750000,2133000000,64,14.35608
12,729600,318750000,3199000000,64,15.812669
4,729600,522750000,665600000,64,14.579218
4,729600,522750000,2133000000,64,13.539451
4,729600,522750000,3199000000,64,14.863283
8,729600,522750000,665600000,64,14.940517
8,729600,522750000,2133000000,64,13.333391
8,729600,522750000,3199000000,64,14.539064
12,729600,522750000,665600000,64,16.740566
12,729600,522750000,2133000000,64,15.62406
12,729600,522750000,3199000000,64,16.333567
4,729600,726750000,665600000,64,16.25566
4,729600,726750000,2133000000,64,14.937941
4,729600,726750000,3199000000,64,15.67885
8,729600,726750000,665600000,64,16.843853
8,729600,726750000,2133000000,64,15.413349
8,729600,726750000,3199000000,64,16.137121
12,729600,726750000,665600000,64,18.562725
12,729600,726750000,2133000000,64,17.757395
12,729600,726750000,3199000000,64,18.232864
4,729600,930750000,665600000,64,18.373638
4,729600,930750000,2133000000,64,17.431335
4,729600,930750000,3199000000,64,18.068716
8,729600,930750000,665600000,64,19.103683
8,729600,930750000,2133000000,64,18.393803
8,729600,930750000,3199000000,64,18.743092
12,729600,930750000,665600000,64,21.133226
12,729600,930750000,2133000000,64,20.598751
12,729600,930750000,3199000000,64,20.849834
4,729600,1134750000,665600000,64,20.973228
4,729600,1134750000,2133000000,64,20.386482
4,729600,1134750000,3199000000,64,20.821333
8,729600,1134750000,665600000,64,22.093819
8,729600,1134750000,2133000000,64,21.60968
8,729600,1134750000,3199000000,64,21.775839
12,729600,1134750000,665600000,64,24.163843
12,729600,1134750000,2133000000,64,23.693127
12,729600,1134750000,3199000000,64,23.845345
4,729600,1300500000,665600000,64,23.41678
4,729600,1300500000,2133000000,64,22.89753
4,729600,1300500000,3199000000,64,23.264595
8,729600,1300500000,665600000,64,24.69927
8,729600,1300500000,2133000000,64,24.279205
8,729600,1300500000,3199000000,64,24.364475
12,729600,1300500000,665600000,64,26.72624
12,729600,1300500000,2133000000,64,26.341057
12,729600,1300500000,3199000000,64,26.406475
4,1036800,114750000,665600000,64,14.950112
4,1036800,114750000,2133000000,64,16.187746
4,1036800,114750000,3199000000,64,17.83959
8,1036800,114750000,665600000,64,13.716875
8,1036800,114750000,2133000000,64,14.905119
8,1036800,114750000,3199000000,64,16.649452
12,1036800,114750000,665600000,64,14.371179
12,1036800,114750000,2133000000,64,14.873037
12,1036800,114750000,3199000000,64,16.714943
4,1036800,318750000,665600000,64,14.4538
4,1036800,318750000,2133000000,64,14.810884
4,1036800,318750000,3199000000,64,16.618408
8,1036800,318750000,665600000,64,13.7738905
8,1036800,318750000,2133000000,64,13.559684
8,1036800,318750000,3199000000,64,15.455557
12,1036800,318750000,665600000,64,15.114462
12,1036800,318750000,2133000000,64,14.294749
12,1036800,318750000,3199000000,64,16.062265
4,1036800,522750000,665600000,64,15.336264
4,1036800,522750000,2133000000,64,14.50477
4,1036800,522750000,3199000000,64,16.052486
8,1036800,522750000,665600000,64,15.246212
8,1036800,522750000,2133000000,64,13.7148285
8,1036800,522750000,3199000000,64,15.295616
12,1036800,522750000,665600000,64,16.656452
12,1036800,522750000,2133000000,64,15.596035
12,1036800,522750000,3199000000,64,16.603996
4,1036800,726750000,665600000,64,17.032797
4,1036800,726750000,2133000000,64,15.99175
4,1036800,726750000,3199000000,64,16.888205
8,1036800,726750000,665600000,64,17.213905
8,1036800,726750000,2133000000,64,16.182236
8,1036800,726750000,3199000000,64,16.871393
12,1036800,726750000,665600000,64,18.757309
12,1036800,726750000,2133000000,64,17.979221
12,1036800,726750000,3199000000,64,18.594458
4,1036800,930750000,665600000,64,19.144875
4,1036800,930750000,2133000000,64,18.519888
4,1036800,930750000,3199000000,64,19.167734
8,1036800,930750000,665600000,64,19.7059
8,1036800,930750000,2133000000,64,19.181767
8,1036800,930750000,3199000000,64,19.598843
12,1036800,930750000,665600000,64,21.578968
12,1036800,930750000,2133000000,64,21.010496
12,1036800,930750000,3199000000,64,21.360931
4,1036800,1134750000,665600000,64,21.860516
4,1036800,1134750000,2133000000,64,21.451668
4,1036800,1134750000,3199000000,64,21.884438
8,1036800,1134750000,665600000,64,22.79179
8,1036800,1134750000,2133000000,64,22.388094
8,1036800,1134750000,3199000000,64,22.68872
12,1036800,1134750000,665600000,64,24.67573
12,1036800,1134750000,2133000000,64,24.280594
12,1036800,1134750000,3199000000,64,24.442112
4,1036800,1300500000,665600000,64,24.296225
4,1036800,1300500000,2133000000,64,23.958862
4,1036800,1300500000,3199000000,64,24.329685
8,1036800,1300500000,665600000,64,25.41846
8,1036800,1300500000,2133000000,64,25.055382
8,1036800,1300500000,3199000000,64,25.2654
12,1036800,1300500000,665600000,64,27.278278
12,1036800,1300500000,2133000000,64,26.953716
12,1036800,1300500000,3199000000,64,27.08384
4,1344000,114750000,665600000,64,15.906463
4,1344000,114750000,2133000000,64,17.289135
4,1344000,114750000,3199000000,64,18.971327
8,1344000,114750000,665600000,64,14.260938
8,1344000,114750000,2133000000,64,15.678627
8,1344000,114750000,3199000000,64,17.50365
12,1344000,114750000,665600000,64,14.381909
12,1344000,114750000,2133000000,64,15.164079
12,1344000,114750000,3199000000,64,17.24442
4,1344000,318750000,665600000,64,15.378257
4,1344000,318750000,2133000000,64,15.985459
4,1344000,318750000,3199000000,64,17.85128
8,1344000,318750000,665600000,64,14.316324
8,1344000,318750000,2133000000,64,14.330549
8,1344000,318750000,3199000000,64,16.491575
12,1344000,318750000,665600000,64,15.088164
12,1344000,318750000,2133000000,64,14.520706
12,1344000,318750000,3199000000,64,16.588434
4,1344000,522750000,665600000,64,16.281868
4,1344000,522750000,2133000000,64,15.728196
4,1344000,522750000,3199000000,64,17.537373
8,1344000,522750000,665600000,64,15.886829
8,1344000,522750000,2133000000,64,14.639526
8,1344000,522750000,3199000000,64,16.490032
12,1344000,522750000,665600000,64,16.727043
12,1344000,522750000,2133000000,64,15.849602
12,1344000,522750000,3199000000,64,17.154095
4,1344000,726750000,665600000,64,17.96365
4,1344000,726750000,2133000000,64,17.236155
4,1344000,726750000,3199000000,64,18.2523
8,1344000,726750000,665600000,64,17.83694
8,1344000,726750000,2133000000,64,17.207146
8,1344000,726750000,3199000000,64,17.95932
12,1344000,726750000,665600000,64,19.128826
12,1344000,726750000,2133000000,64,18.477745
12,1344000,726750000,3199000000,64,19.19719
4,1344000,930750000,665600000,64,20.140999
4,1344000,930750000,2133000000,64,19.761621
4,1344000,930750000,3199000000,64,20.399052
8,1344000,930750000,665600000,64,20.531551
8,1344000,930750000,2133000000,64,20.172617
8,1344000,930750000,3199000000,64,20.676395
12,1344000,930750000,665600000,64,22.104477
12,1344000,930750000,2133000000,64,21.68991
12,1344000,930750000,3199000000,64,22.044647
4,1344000,1134750000,665600000,64,22.879333
4,1344000,1134750000,2133000000,64,22.639618
4,1344000,1134750000,3199000000,64,23.068548
8,1344000,1134750000,665600000,64,23.625458
8,1344000,1134750000,2133000000,64,23.340893
8,1344000,1134750000,3199000000,64,23.749325
12,1344000,1134750000,665600000,64,25.262411
12,1344000,1134750000,2133000000,64,24.983511
12,1344000,1134750000,3199000000,64,25.22033
4,1344000,1300500000,665600000,64,25.295128
4,1344000,1300500000,2133000000,64,25.11614
4,1344000,1300500000,3199000000,64,25.491684
8,1344000,1300500000,665600000,64,26.238825
8,1344000,1300500000,2133000000,64,25.974133
8,1344000,1300500000,3199000000,64,26.30376
12,1344000,1300500000,665600000,64,27.90501
12,1344000,1300500000,2133000000,64,27.660835
12,1344000,1300500000,3199000000,64,27.859673
4,1651200,114750000,665600000,64,17.027739
4,1651200,114750000,2133000000,64,18.464272
4,1651200,114750000,3199000000,64,20.157345
8,1651200,114750000,665600000,64,15.161166
8,1651200,114750000,2133000000,64,16.637712
8,1651200,114750000,3199000000,64,18.554735
12,1651200,114750000,665600000,64,14.642002
12,1651200,114750000,2133000000,64,15.764231
12,1651200,114750000,3199000000,64,17.98153
4,1651200,318750000,665600000,64,16.525448
4,1651200,318750000,2133000000,64,17.369759
4,1651200,318750000,3199000000,64,19.22181
8,1651200,318750000,665600000,64,15.107605
8,1651200,318750000,2133000000,64,15.473736
8,1651200,318750000,3199000000,64,17.81813
12,1651200,318750000,665600000,64,15.317406
12,1651200,318750000,2133000000,64,15.078583
12,1651200,318750000,3199000000,64,17.344341
4,1651200,522750000,665600000,64,17.328068
4,1651200,522750000,2133000000,64,17.138687
4,1651200,522750000,3199000000,64,19.147764
8,1651200,522750000,665600000,64,16.710144
8,1651200,522750000,2133000000,64,15.94183
8,1651200,522750000,3199000000,64,17.958715
12,1651200,522750000,665600000,64,17.141504
12,1651200,522750000,2133000000,64,16.503134
12,1651200,522750000,3199000000,64,18.049608
4,1651200,726750000,665600000,64,19.04248
4,1651200,726750000,2133000000,64,18.59836
4,1651200,726750000,3199000000,64,19.795696
8,1651200,726750000,665600000,64,18.789879
8,1651200,726750000,2133000000,64,18.423107
8,1651200,726750000,3199000000,64,19.245792
12,1651200,726750000,665600000,64,19.726112
12,1651200,726750000,2133000000,64,19.287075
12,1651200,726750000,3199000000,64,19.994728
4,1651200,930750000,665600000,64,21.31237
4,1651200,930750000,2133000000,64,21.106718
4,1651200,930750000,3199000000,64,21.710934
8,1651200,930750000,665600000,64,21.529797
8,1651200,930750000,2133000000,64,21.312082
8,1651200,930750000,3199000000,64,21.860126
12,1651200,930750000,665600000,64,22.746952
12,1651200,930750000,2133000000,64,22.503239
12,1651200,930750000,3199000000,64,22.874304
4,1651200,1134750000,665600000,64,23.987667
4,1651200,1134750000,2133000000,64,23.91827
4,1651200,1134750000,3199000000,64,24.376698
8,1651200,1134750000,665600000,64,24.603294
8,1651200,1134750000,2133000000,64,24.421877
8,1651200,1134750000,3199000000,64,24.874601
12,1651200,1134750000,665600000,64,25.943064
12,1651200,1134750000,2133000000,64,25.773409
12,1651200,1134750000,3199000000,64,26.052685
4,1651200,1300500000,665600000,64,26.417496
4,1651200,1300500000,2133000000,64,26.355358
4,1651200,1300500000,3199000000,64,26.746964
8,1651200,1300500000,665600000,64,27.185165
8,1651200,1300500000,2133000000,64,26.999928
8,1651200,1300500000,3199000000,64,27.407467
12,1651200,1300500000,665600000,64,28.582066
12,1651200,1300500000,2133000000,64,28.444263
12,1651200,1300500000,3199000000,64,28.696968
4,1958400,114750000,665600000,64,18.277277
4,1958400,114750000,2133000000,64,19.729446
4,1958400,114750000,3199000000,64,21.413696
8,1958400,114750000,665600000,64,16.241459
8,1958400,114750000,2133000000,64,17.786854
8,1958400,114750000,3199000000,64,19.76878
12,1958400,114750000,665600000,64,15.263951
12,1958400,114750000,2133000000,64,16.603159
12,1958400,114750000,3199000000,64,18.939453
4,1958400,318750000,665600000,64,17.78299
4,1958400,318750000,2133000000,64,18.846127
4,1958400,318750000,3199000000,64,20.718515
8,1958400,318750000,665600000,64,16.136806
8,1958400,318750000,2133000000,64,16.876307
8,1958400,318750000,3199000000,64,19.347698
12,1958400,318750000,665600000,64,15.908038
12,1958400,318750000,2133000000,64,16.074306
12,1958400,318750000,3199000000,64,18.470818
4,1958400,522750000,665600000,64,18.51456
4,1958400,522750000,2133000000,64,18.75092
4,1958400,522750000,3199000000,64,20.842972
8,1958400,522750000,665600000,64,17.694439
8,1958400,522750000,2133000000,64,17.43077
8,1958400,522750000,3199000000,64,19.549465
12,1958400,522750000,665600000,64,17.871466
12,1958400,522750000,2133000000,64,17.585426
12,1958400,522750000,3199000000,64,19.201069
4,1958400,726750000,665600000,64,20.28242
4,1958400,726750000,2133000000,64,20.074768
4,1958400,726750000,3199000000,64,21.454212
8,1958400,726750000,665600000,64,19.910046
8,1958400,726750000,2133000000,64,19.71331
8,1958400,726750000,3199000000,64,20.700968
12,1958400,726750000,665600000,64,20.529934
12,1958400,726750000,2133000000,64,20.348068
12,1958400,726750000,3199000000,64,21.135275
4,1958400,930750000,665600000,64,22.600456
4,1958400,930750000,2133000000,64,22.508339
4,1958400,930750000,3199000000,64,23.15343
8,1958400,930750000,665600000,64,22.664152
8,1958400,930750000,2133000000,64,22.559074
8,1958400,930750000,3199000000,64,23.131159
12,1958400,930750000,665600000,64,23.573711
12,1958400,930750000,2133000000,64,23.463915
12,1958400,930750000,3199000000,64,23.899397
4,1958400,1134750000,665600000,64,25.273872
4,1958400,1134750000,2133000000,64,25.279385
4,1958400,1134750000,3199000000,64,25.75269
8,1958400,1134750000,665600000,64,25.6767
8,1958400,1134750000,2133000000,64,25.589607
8,1958400,1134750000,3199000000,64,26.074356
12,1958400,1134750000,665600000,64,26.717363
12,1958400,1134750000,2133000000,64,26.69788
12,1958400,1134750000,3199000000,64,27.00063
4,1958400,1300500000,665600000,64,27.618244
4,1958400,1300500000,2133000000,64,27.66072
4,1958400,1300500000,3199000000,64,28.085981
8,1958400,1300500000,665600000,64,28.207125
8,1958400,1300500000,2133000000,64,28.14249
8,1958400,1300500000,3199000000,64,28.564404
12,1958400,1300500000,665600000,64,29.346134
12,1958400,1300500000,2133000000,64,29.357536
12,1958400,1300500000,3199000000,64,29.616867
4,2201600,114750000,665600000,64,19.351063
4,2201600,114750000,2133000000,64,20.811
4,2201600,114750000,3199000000,64,22.478022
8,2201600,114750000,665600000,64,17.19416
8,2201600,114750000,2133000000,64,18.798758
8,2201600,114750000,3199000000,64,20.856472
12,2201600,114750000,665600000,64,15.97764
12,2201600,114750000,2133000000,64,17.451757
12,2201600,114750000,3199000000,64,19.88392
4,2201600,318750000,665600000,64,18.865952
4,2201600,318750000,2133000000,64,20.043407
4,2201600,318750000,3199000000,64,22.022114
8,2201600,318750000,665600000,64,17.098377
8,2201600,318750000,2133000000,64,18.089643
8,2201600,318750000,3199000000,64,20.621819
12,2201600,318750000,665600000,64,16.565775
12,2201600,318750000,2133000000,64,17.141336
12,2201600,318750000,3199000000,64,19.617073
4,2201600,522750000,665600000,64,19.56342
4,2201600,522750000,2133000000,64,20.095848
4,2201600,522750000,3199000000,64,22.211327
8,2201600,522750000,665600000,64,18.585438
8,2201600,522750000,2133000000,64,18.705502
8,2201600,522750000,3199000000,64,20.855373
12,2201600,522750000,665600000,64,18.60263
12,2201600,522750000,2133000000,64,18.662817
12,2201600,522750000,3199000000,64,20.27195
4,2201600,726750000,665600000,64,21.342354
4,2201600,726750000,2133000000,64,21.342209
4,2201600,726750000,3199000000,64,22.823544
8,2201600,726750000,665600000,64,20.903006
8,2201600,726750000,2133000000,64,20.819538
8,2201600,726750000,3199000000,64,21.932083
12,2201600,726750000,665600000,64,21.356928
12,2201600,726750000,2133000000,64,21.30277
12,2201600,726750000,3199000000,64,22.16934
4,2201600,930750000,665600000,64,23.668535
4,2201600,930750000,2133000000,64,23.642338
4,2201600,930750000,3199000000,64,24.381054
8,2201600,930750000,665600000,64,23.639515
8,2201600,930750000,2133000000,64,23.600828
8,2201600,930750000,3199000000,64,24.215328
12,2201600,930750000,665600000,64,24.354023
12,2201600,930750000,2133000000,64,24.346169
12,2201600,930750000,3199000000,64,24.84341
4,2201600,1134750000,665600000,64,26.340698
4,2201600,1134750000,2133000000,64,26.380451
4,2201600,1134750000,3199000000,64,26.86256
8,2201600,1134750000,665600000,64,26.59224
8,2201600,1134750000,2133000000,64,26.595566
8,2201600,1134750000,3199000000,64,27.073421
12,2201600,1134750000,665600000,64,27.484894
12,2201600,1134750000,2133000000,64,27.52206
12,2201600,1134750000,3199000000,64,27.861141
4,2201600,1300500000,665600000,64,28.670269
4,2201600,1300500000,2133000000,64,28.75348
4,2201600,1300500000,3199000000,64,29.18561
8,2201600,1300500000,665600000,64,29.095325
8,2201600,1300500000,2133000000,64,29.09291
8,2201600,1300500000,3199000000,64,29.530802
12,2201600,1300500000,665600000,64,30.081064
12,2201600,1300500000,2133000000,64,30.15491
12,2201600,1300500000,3199000000,64,30.44363
