cores,cpu,gpu,mem,observed_power,predicted_power,observed_time,predicted_time
12,268800,1300500000,2133000000,16.404,31.34950917856768,1179.5246601104736,140.59241219791147
12,268800,1236750000,2133000000,15.904,30.51151301073842,1131.8318843841553,147.29824845684246
12,268800,1134750000,2133000000,15.502,29.170719142211603,1137.7909183502195,159.5334323770429
12,268800,1032750000,2133000000,16.304,27.829925273684783,1143.4433460235596,174.08927519113476
12,268800,930750000,2133000000,16.012,26.48913140515797,1205.2876949310305,191.70739535580208
12,268800,828750000,2133000000,13.487,25.148337536631157,1146.7602252960205,213.4863845176004
12,268800,726750000,2133000000,13.087,23.807543668104337,1153.1217098236084,241.1275330773194
12,268800,624750000,2133000000,13.396,22.46674979957752,1141.5035724639893,277.4171148233198
12,268800,522750000,2133000000,12.685,21.125955931050704,1178.4262657165527,327.2630710123676
12,268800,420750000,2133000000,14.808,19.785162062523888,1145.8215713500977,400.2104317446375
12,268800,318750000,2133000000,13.396,18.44436819399707,1134.4430446624756,517.6837338948095
12,268800,216750000,2133000000,14.606,17.103574325470255,1136.3439559936523,740.1750221280256
12,268800,114750000,2133000000,14.704,15.762780456943435,1322.6561546325684,1334.7106212844965
12,422400,1300500000,2133000000,18.018,32.08832801477983,884.1018676757812,153.96354516845835
12,422400,1236750000,2133000000,18.011,31.250331846950576,748.7783432006836,161.30714435424375
12,422400,1134750000,2133000000,14.291,29.90953797842376,732.5191497802734,174.70596341348585
12,422400,1032750000,2133000000,14.496,28.568744109896944,739.1564846038818,190.64614914283848
12,422400,930750000,2133000000,13.689,27.227950241370127,871.4199066162109,209.939852105539
12,422400,828750000,2133000000,14.698,25.88715637284331,743.4844970703125,233.79014622251933
12,422400,726750000,2133000000,14.396,24.54636250431649,740.2629852294922,264.0601242266779
12,422400,624750000,2133000000,15.916,23.20556863578968,736.2046241760254,303.8010502905227
12,422400,522750000,2133000000,14.103,21.864774767262865,733.0315113067627,358.3876386220046
12,422400,420750000,2133000000,14.907,20.523980898736045,931.588649749756,438.2727056284127
12,422400,318750000,2133000000,12.794,19.18318703020923,746.3703155517578,566.9183827238844
12,422400,216750000,2133000000,15.308,17.842393161682413,791.8553352355957,810.569849897389
12,422400,114750000,2133000000,13.598,16.501599293155596,1088.0744457244873,1461.6491446044722
12,576000,1300500000,2133000000,19.125,32.827146850991994,564.0382766723633,163.86751302671632
12,576000,1236750000,2133000000,15.297,31.98915068316273,568.9597129821777,171.68350176562868
12,576000,1134750000,2133000000,16.103,30.64835681463592,562.368631362915,185.9442227325992
12,576000,1032750000,2133000000,14.698,29.3075629461091,556.4687252044678,202.90978811884037
12,576000,930750000,2133000000,14.295,27.966769077582285,572.1640586853027,223.44459145890823
12,576000,828750000,2133000000,13.689,26.62597520905547,590.3351306915283,248.82909645734165
12,576000,726750000,2133000000,13.287,25.28518134052865,598.2954502105713,281.0462424673768
12,576000,624750000,2133000000,13.893,23.94438747200184,569.9794292449951,323.34357143791675
12,576000,522750000,2133000000,13.289,22.60359360347502,570.5325603485107,381.4415352429595
12,576000,420750000,2133000000,12.887,21.262799734948203,563.9581680297852,466.4653455481175
12,576000,318750000,2133000000,15.713,19.922005866421387,577.1145820617676,603.3863754205296
12,576000,216750000,2133000000,15.915,18.58121199789457,672.4340915679932,862.711139132273
12,576000,114750000,2133000000,14.707,17.240418129367754,1003.3111572265624,1555.6722208617382
12,729600,1300500000,2133000000,19.627,33.565965687204155,519.8261737823486,171.8416404451621
12,729600,1236750000,2133000000,17.218,32.727969519374895,472.9597568511963,180.03797113809583
12,729600,1134750000,2133000000,17.319,31.387175650848075,462.4390602111816,194.9926478743897
12,729600,1032750000,2133000000,16.414,30.04638178232126,468.1384563446045,212.78379227636776
12,729600,930750000,2133000000,16.012,28.70558791379444,535.3829860687256,234.31786103104957
12,729600,828750000,2133000000,15.61,27.364794045267622,460.4756832122803,260.93762781855224
12,729600,726750000,2133000000,14.404,26.02400017674081,454.24342155456543,294.72252586556874
12,729600,624750000,2133000000,15.413,24.683206308213997,458.4176540374756,339.0781291361281
12,729600,522750000,2133000000,14.404,23.342412439687177,482.00321197509766,400.0032583602133
12,729600,420750000,2133000000,13.699,22.00161857116036,471.8854427337647,489.1645006947732
12,729600,318750000,2133000000,15.004,20.660824702633544,510.84232330322266,632.7483871535875
12,729600,216750000,2133000000,13.598,19.320030834106728,623.6691474914551,904.692422802769
12,729600,114750000,2133000000,14.707,17.97923696557991,949.942111968994,1631.3744041765333
12,883200,1300500000,2133000000,18.53,34.30478452341631,398.1475830078125,178.56920613900613
12,883200,1236750000,2133000000,15.808,33.46678835558705,400.6328582763672,187.08642153161043
12,883200,1134750000,2133000000,15.406,32.12599448706023,401.2188911437988,202.62657085716157
12,883200,1032750000,2133000000,15.803,30.785200618533416,404.88123893737793,221.114234987553
12,883200,930750000,2133000000,17.816,29.4444067500066,390.48099517822266,243.4913582069591
12,883200,828750000,2133000000,16.919,28.103612881479783,394.8402404785156,271.15328351525943
12,883200,726750000,2133000000,15.208,26.762819012952967,396.0909843444824,306.26085353213324
12,883200,624750000,2133000000,14.606,25.42202514442615,394.0229415893554,352.3529697579912
12,883200,522750000,2133000000,15.514,24.08123127589933,432.7762126922608,415.66330554900094
12,883200,420750000,2133000000,14.803,22.74043740737252,409.81388092041016,508.3151926050419
12,883200,318750000,2133000000,15.109,21.3996435388457,470.7911014556885,657.5203593672027
12,883200,216750000,2133000000,13.396,20.058849670318885,589.951753616333,940.1109493680505
12,883200,114750000,2133000000,14.707,18.71805580179207,918.4684753417968,1695.2423842942835
12,1036800,1300500000,2133000000,19.13,35.04360335962847,352.73170471191406,184.41815466329692
12,1036800,1236750000,2133000000,18.019,34.20560719179921,345.4575538635254,193.2143473525965
12,1036800,1134750000,2133000000,19.53,32.864813323272394,348.54602813720703,209.26350680049845
12,1036800,1032750000,2133000000,18.527,31.524019454745577,355.32307624816895,228.35672548405773
12,1036800,930750000,2133000000,15.207,30.18322558621876,355.1597595214844,251.4668006197655
12,1036800,828750000,2133000000,16.012,28.842431717691944,350.80885887146,280.034778996841
12,1036800,726750000,2133000000,16.916,27.501637849165128,354.55822944641113,316.2922805964413
12,1036800,624750000,2133000000,15.006,26.16084398063831,368.0405616760254,363.8941219367784
12,1036800,522750000,2133000000,14.606,24.820050112111492,352.13375091552734,429.2781573488135
12,1036800,420750000,2133000000,14.808,23.47925624358468,398.1385231018066,524.964812435616
12,1036800,318750000,2133000000,14.303,22.138462375057863,441.7576789855957,679.0571227250362
12,1036800,216750000,2133000000,15.311,20.797668506531046,577.9929161071777,970.9038316844758
12,1036800,114750000,2133000000,13.802,19.45687463800423,892.8897380828857,1750.7692338352665
12,1190400,1300500000,2133000000,20.735,35.782422195840624,319.14639472961426,189.61098721022347
12,1190400,1236750000,2133000000,18.622,34.944426028011364,316.10894203186035,198.65486243256552
12,1190400,1134750000,2133000000,17.819,33.60363215948455,338.19031715393066,215.15593290671129
12,1190400,1032750000,2133000000,18.117,32.26283829095773,311.98716163635254,234.78677700782552
12,1190400,930750000,2133000000,17.014,30.92204442243092,337.2523784637451,258.5475839033523
12,1190400,828750000,2133000000,16.41,29.581250553904106,331.2065601348877,287.91997726976126
12,1190400,726750000,2133000000,16.113,28.24045668537729,343.4445858001709,325.1984148760166
12,1190400,624750000,2133000000,15.815,26.89966281685047,327.5220394134521,374.1406252893284
12,1190400,522750000,2133000000,14.606,25.558868948323653,335.8862400054932,441.3657394593464
12,1190400,420750000,2133000000,14.707,24.21807507979684,363.5311126708984,539.7467321928327
12,1190400,318750000,2133000000,16.918,22.87728121127002,422.8672981262207,698.1779621811455
12,1190400,216750000,2133000000,14.204,21.536487342743204,534.4481468200684,998.2424688501704
12,1190400,114750000,2133000000,14.709,20.195693474216387,886.8069648742676,1800.067262417193
12,1344000,1300500000,2133000000,20.136,36.52124103205279,293.3769226074219,194.29323963071013
12,1344000,1236750000,2133000000,20.74,35.683244864223525,302.75654792785645,203.56044424589717
12,1344000,1134750000,2133000000,18.228,34.34245099569671,300.22501945495605,220.46899204139945
12,1344000,1032750000,2133000000,16.816,33.00165712716989,303.5440444946289,240.58460007239464
12,1344000,930750000,2133000000,15.81,31.66086325864308,316.2100315093994,264.9321561707825
12,1344000,828750000,2133000000,17.925,30.32006939011626,289.7610664367676,295.0298712179592
12,1344000,726750000,2133000000,16.413,28.979275521589443,293.2283878326416,333.22886230733275
12,1344000,624750000,2133000000,17.121,27.638481653062627,298.44045639038086,383.3796513296342
12,1344000,522750000,2133000000,15.815,26.29768778453581,315.4165744781494,452.2648220088833
12,1344000,420750000,2133000000,15.109,24.956893916008998,355.0658226013184,553.0752343036186
12,1344000,318750000,2133000000,16.317,23.616100047482178,404.9246311187744,715.418764000972
12,1344000,216750000,2133000000,14.202,22.27530617895536,546.9565391540527,1022.893061544064
12,1344000,114750000,2133000000,14.501,20.934512310428545,856.6129207611084,1844.518111075805
12,1497600,1300500000,2133000000,20.126,37.26005986826495,265.14434814453125,198.56568098580385
12,1497600,1236750000,2133000000,19.428,36.422063700435686,269.2368030548096,208.03666823552456
12,1497600,1134750000,2133000000,20.534,35.08126983190887,266.4599418640137,225.31702916767225
12,1497600,1032750000,2133000000,19.635,33.74047596338205,265.12670516967773,245.8749724842277
12,1497600,930750000,2133000000,18.319,32.39968209485524,282.1676731109619,270.7579229471747
12,1497600,828750000,2133000000,16.015,31.058888226328417,283.3936214447021,301.517476371774
12,1497600,726750000,2133000000,15.714,29.7180943578016,273.04983139038086,340.5564501057485
12,1497600,624750000,2133000000,16.214,28.377300489274784,283.9541435241699,391.8100376887036
12,1497600,522750000,2133000000,17.226,27.036506620747968,319.6258544921875,462.2099695223917
12,1497600,420750000,2133000000,16.118,25.69571275222115,335.5185985565185,565.2371680281692
12,1497600,318750000,2133000000,15.513,24.35491888369433,394.4075107574463,731.1505759741389
12,1497600,216750000,2133000000,15.513,23.01412501516752,509.52982902526855,1045.3861273156049
12,1497600,114750000,2133000000,15.01,21.673331146640702,841.3279056549072,1885.0784284237384
12,1651200,1300500000,2133000000,19.833,37.9988787044771,248.37112426757807,202.5011692463435
12,1651200,1236750000,2133000000,20.538,37.16088253664784,243.0727481842041,212.15986747890852
12,1651200,1134750000,2133000000,19.331,35.82008866812102,249.01938438415527,229.78271789488204
12,1651200,1032750000,2133000000,18.322,34.47929479959421,248.28577041625977,250.74811099924315
12,1651200,930750000,2133000000,18.017,33.13850093106739,249.56154823303223,276.12423107210634
12,1651200,828750000,2133000000,18.826,31.79770706254057,259.3371868133545,307.4934259050345
12,1651200,726750000,2133000000,17.326,30.45691319401376,259.02533531188965,347.3061356747168
12,1651200,624750000,2133000000,18.131,29.11611932548694,271.6903686523437,399.5755478011773
12,1651200,522750000,2133000000,16.32,27.775325456960125,293.7273979187012,471.3707766665518
12,1651200,420750000,2133000000,16.521,26.43453158843331,321.56920433044434,576.4399309031626
12,1651200,318750000,2133000000,17.424,25.093737719906493,381.0102939605713,745.6416727948365
12,1651200,216750000,2133000000,16.719,23.75294385137968,502.7711391448975,1066.1052405649668
12,1651200,114750000,2133000000,15.109,22.41214998285286,832.6330184936523,1922.4398898224408
12,1804800,1300500000,2133000000,22.041,38.73769754068926,242.8798675537109,206.1542069629119
12,1804800,1236750000,2133000000,21.538,37.89970137286,244.41885948181152,215.98714413477708
12,1804800,1134750000,2133000000,21.333,36.55890750433319,225.49057006835932,233.92790351632635
12,1804800,1032750000,2133000000,19.932,35.21811363580637,232.4204444885254,255.27150368012295
12,1804800,930750000,2133000000,19.128,33.87731976727955,229.69555854797363,281.1053985108868
12,1804800,828750000,2133000000,17.923,32.536525898752735,236.5341186523437,313.040480702834
12,1804800,726750000,2133000000,17.216,31.19573203022592,243.4182167053223,353.5713953645113
12,1804800,624750000,2133000000,17.12,29.854938161699103,252.16078758239743,406.78372616463406
12,1804800,522750000,2133000000,16.919,28.514144293172286,273.4832763671875,479.8741113981963
12,1804800,420750000,2133000000,16.521,27.17335042464547,315.4926300048828,586.8386699166824
12,1804800,318750000,2133000000,16.514,25.832556556118654,372.2195625305176,759.0927415659561
12,1804800,216750000,2133000000,15.309,24.49176268759184,491.65868759155273,1085.3373401528825
12,1804800,114750000,2133000000,15.309,23.15096881906502,832.1893215179443,1957.1199139007897
12,1958400,1300500000,2133000000,22.45,39.476516376901415,213.064193725586,209.56670338432
12,1958400,1236750000,2133000000,21.936,38.63852020907216,213.05608749389648,219.56240639737388
12,1958400,1134750000,2133000000,20.942,37.29772634054534,213.32240104675293,237.8001414171545
12,1958400,1032750000,2133000000,20.637,35.95693247201852,218.79124641418457,259.497044869067
12,1958400,930750000,2133000000,20.636,34.616138603491706,224.3959903717041,285.7585713982558
12,1958400,828750000,2133000000,19.533,33.27534473496489,231.074333190918,318.2222790075683
12,1958400,726750000,2133000000,17.623,31.93455086643808,234.7695827484131,359.42410697864153
12,1958400,624750000,2133000000,17.723,30.59375699791126,246.39534950256348,413.5172681586307
12,1958400,522750000,2133000000,17.325,29.252963129384444,268.8887119293213,487.8175276980505
12,1958400,420750000,2133000000,18.232,27.912169260857628,305.7339191436768,596.5526839576125
12,1958400,318750000,2133000000,17.826,26.57137539233081,364.98165130615234,771.6580988403612
12,1958400,216750000,2133000000,17.223,25.230581523803995,482.349157333374,1103.303065149989
12,1958400,114750000,2133000000,16.517,23.88978765527718,832.3006629943848,1989.5163650857728
12,2112000,1300500000,2133000000,22.353,40.215335213113576,203.91130447387687,212.77162478512
12,2112000,1236750000,2133000000,21.946,39.37733904528432,207.33094215393064,222.9201929336426
12,2112000,1134750000,2133000000,21.736,38.0365451767575,219.78497505187988,241.4368391846593
12,2112000,1032750000,2133000000,21.848,36.69575130823068,209.6102237701416,263.4655552245506
12,2112000,930750000,2133000000,21.14,35.35495743970387,217.46420860290527,290.12870151027454
12,2112000,828750000,2133000000,18.731,34.01416357117705,228.2397747039795,323.088879358352
12,2112000,726750000,2133000000,18.129,32.673369702650234,233.572006225586,364.9208103853215
12,2112000,624750000,2133000000,18.129,31.332575834123418,250.50115585327148,419.84122287528976
12,2112000,522750000,2133000000,18.327,29.9917819655966,268.13459396362305,495.277762596806
12,2112000,420750000,2133000000,17.325,28.650988097069785,296.4060306549072,605.6758148397844
12,2112000,318750000,2133000000,17.325,27.31019422854297,357.90514945983887,783.4591317102573
12,2112000,216750000,2133000000,16.821,25.969400360016152,477.1952629089356,1120.1759726680446
12,2112000,114750000,2133000000,16.318,24.628606491489336,831.9857120513916,2019.942207897319
12,2201600,1300500000,2133000000,24.246,40.64631286757067,208.9228630065918,214.5560317633377
12,2201600,1236750000,2133000000,22.851,39.80831669974141,203.9501667022705,224.78971077117453
12,2201600,1134750000,2133000000,23.847,38.4675228312146,205.03711700439453,243.4616466799023
12,2201600,1032750000,2133000000,22.847,37.12672896268778,209.23948287963867,265.6751063135996
12,2201600,930750000,2133000000,21.44,35.78593509416096,211.475133895874,292.56186279331223
12,2201600,828750000,2133000000,21.24,34.445141225634146,219.67315673828125,325.7984608238967
12,2201600,726750000,2133000000,21.041,33.10434735710733,225.15249252319336,367.9812148974648
12,2201600,624750000,2133000000,18.934,31.76355348858051,237.32733726501465,423.3622168452269
12,2201600,522750000,2133000000,20.038,30.422759620053693,258.6898803710937,499.4314043083186
12,2201600,420750000,2133000000,18.63,29.08196575152688,294.33608055114746,610.7553086474259
12,2201600,318750000,2133000000,17.929,27.74117188300006,353.0380725860596,790.0296034222821
12,2201600,216750000,2133000000,17.324,26.400378014473244,475.2538204193115,1129.570316601261
12,2201600,114750000,2133000000,16.919,25.059584145946427,832.6783180236816,2036.882431834644
12,268800,1300500000,3199000000,17.725,29.163644833583383,1106.271743774414,181.9686950605081
12,268800,1236750000,3199000000,16.92,28.44849274898879,1115.7050132751465,189.9501227989704
12,268800,1134750000,3199000000,17.927,27.304249413637443,1143.2347297668457,204.44005670938128
12,268800,1032750000,3199000000,15.713,26.16000607828609,1121.0780143737793,221.56517436805464
12,268800,930750000,3199000000,14.501,25.015762742934747,1215.9950733184814,242.14354971589933
12,268800,828750000,3199000000,14.905,23.8715194075834,1108.874797821045,267.3781304454539
12,268800,726750000,3199000000,16.416,22.72727607223205,1114.4423484802246,299.1165566484762
12,268800,624750000,3199000000,15.812,21.583032736880703,1143.4316635131836,340.3567568118901
12,268800,522750000,3199000000,14.503,20.438789401529355,1120.0571060180664,396.3231346300072
12,268800,420750000,3199000000,13.699,19.294546066178007,1130.5546760559082,477.0479487123
12,268800,318750000,3199000000,14.0,18.15030273082666,1148.3256816864014,604.7000040057934
12,268800,216750000,3199000000,14.202,17.00605939547531,1138.377666473389,840.5976996682595
12,268800,114750000,3199000000,15.311,15.861816060123964,1454.3802738189695,1447.0593521686676
12,422400,1300500000,3199000000,19.532,30.796199173945933,723.5970497131348,179.36523742399143
12,422400,1236750000,3199000000,19.235,30.08104708935134,778.2962322235107,187.23247349344655
12,422400,1134750000,3199000000,14.906,28.936803753999992,720.7701206207275,201.5150974097998
12,422400,1032750000,3199000000,15.206,27.792560418648645,738.4617328643799,218.39520304412528
12,422400,930750000,3199000000,14.594,26.648317083297297,746.5860843658447,238.679160011772
12,422400,828750000,3199000000,13.992,25.50407374794595,748.0590343475342,263.5527052242954
12,422400,726750000,3199000000,14.105,24.3598304125946,731.5099239349365,294.8370442666564
12,422400,624750000,3199000000,14.301,23.215587077243253,855.5130958557129,335.4872137436864
12,422400,522750000,3199000000,15.309,22.071343741891905,737.555980682373,390.6528709011959
12,422400,420750000,3199000000,13.699,20.92710040654056,735.1264953613281,470.2227410871825
12,422400,318750000,3199000000,14.806,19.78285707118921,751.3885498046875,596.0484563167414
12,422400,216750000,3199000000,14.806,18.63861373583786,799.0899085998535,828.5711227907808
12,422400,114750000,3199000000,14.202,17.494370400486513,1098.691701889038,1426.3560233920136
12,576000,1300500000,3199000000,17.62,32.42875351430848,582.8289985656738,177.6003110500437
12,576000,1236750000,3199000000,17.121,31.71360142971389,555.0374984741211,185.39013472550064
12,576000,1134750000,3199000000,15.51,30.569358094362546,574.4154453277588,199.53221981726787
12,576000,1032750000,3199000000,18.22,29.425114759011198,552.9983043670654,216.24622780604668
12,576000,930750000,3199000000,17.119,28.28087142365985,661.1769199371338,236.33059375408243
12,576000,828750000,3199000000,15.411,27.1366280883085,549.0319728851318,260.959387103928
12,576000,726750000,3199000000,15.0,25.99238475295715,600.445032119751,291.93589305744547
12,576000,624750000,3199000000,15.312,24.8481414176058,560.6465339660645,332.1860711133627
12,576000,522750000,3199000000,15.514,23.70389808225445,569.2024230957031,386.8089066815176
12,576000,420750000,3199000000,13.893,22.559654746903107,563.2426738739014,465.5958215720426
12,576000,318750000,3199000000,15.511,21.41541141155176,571.5234279632568,590.183431098853
12,576000,216750000,3199000000,15.004,20.27116807620041,676.0029792785645,820.4181102655715
12,576000,114750000,3199000000,13.598,19.126924740849063,989.2525672912598,1412.3208993039889
12,729600,1300500000,3199000000,21.237,34.06130785467103,464.80417251586914,176.26681981066577
12,729600,1236750000,3199000000,19.829,33.34615577007644,453.4101486206055,183.99815450282017
12,729600,1134750000,3199000000,16.816,32.20191243472509,462.2571468353272,198.0340553966831
12,729600,1032750000,3199000000,16.012,31.057669099373744,496.5019226074219,214.622568204197
12,729600,930750000,3199000000,16.616,29.9134257640224,472.0814228057861,234.55613303098573
12,729600,828750000,3199000000,16.217,28.769182428671048,462.0175361633301,259.0000039560096
12,729600,726750000,3199000000,16.413,27.6249390933197,545.9728240966797,289.74392642433304
12,729600,624750000,3199000000,15.815,26.480695757968352,447.2856521606445,329.6918907087561
12,729600,522750000,3199000000,15.41,25.336452422617004,507.8225135803223,383.90459708136257
12,729600,420750000,3199000000,14.806,24.192209087265656,472.3997116088867,462.0999496026385
12,729600,318750000,3199000000,15.309,23.047965751914308,537.9624366760254,585.7521075817755
12,729600,216750000,3199000000,15.811,21.90372241656296,618.0140972137451,814.2580964897066
12,729600,114750000,3199000000,15.311,20.75947908121161,934.9870681762696,1401.7166524123174
12,883200,1300500000,3199000000,21.238,35.69386219503358,388.55838775634766,175.19637913665798
12,883200,1236750000,3199000000,18.728,34.97871011043899,386.8122100830078,182.88076264918743
12,883200,1134750000,3199000000,16.614,33.83446677508764,390.974760055542,196.8314257244452
12,883200,1032750000,3199000000,15.81,32.69022343973629,425.2698421478272,213.31919910266927
12,883200,930750000,3199000000,16.41,31.545980104384945,397.4087238311768,233.13171052535455
12,883200,828750000,3199000000,16.113,30.4017367690336,387.1011734008789,257.4271376667075
12,883200,726750000,3199000000,17.523,29.25749343368225,381.3843727111816,287.9843571291902
12,883200,624750000,3199000000,17.219,28.1132500983309,436.0451698303223,327.68972370940673
12,883200,522750000,3199000000,14.604,26.969006762979557,451.6329765319824,381.5732048426198
12,883200,420750000,3199000000,16.823,25.82476342762821,419.12293434143066,459.2936892863582
12,883200,318750000,3199000000,15.612,24.680520092276858,461.6744518280029,582.1949271577184
12,883200,216750000,3199000000,14.907,23.53627675692551,588.571310043335,809.3132351337297
12,883200,114750000,3199000000,15.008,22.39203342157416,908.4322452545166,1393.2042476398944
12,1036800,1300500000,3199000000,17.82,37.32641653539613,342.3945903778076,174.30303312442894
12,1036800,1236750000,3199000000,21.338,36.611264450801535,349.4908809661865,181.94823310245167
12,1036800,1134750000,3199000000,20.534,35.46702111545019,353.91831398010254,195.8277601799928
12,1036800,1032750000,3199000000,19.131,34.32277778009884,346.03285789489746,212.2314605501412
12,1036800,930750000,3199000000,16.012,33.17853444474749,376.7540454864502,231.94294575208545
12,1036800,828750000,3199000000,16.015,32.03429110939614,390.4392719268799,256.11448778200463
12,1036800,726750000,3199000000,15.11,30.890047774044795,341.95709228515625,286.51589255079256
12,1036800,624750000,3199000000,16.922,29.745804438693447,349.87807273864746,326.0187970078001
12,1036800,522750000,3199000000,15.514,28.6015611033421,370.8381652832031,379.6275202194592
12,1036800,420750000,3199000000,15.913,27.45731776799075,374.56774711608887,456.9516991848054
12,1036800,318750000,3199000000,15.713,26.313074432639404,438.8029575347901,579.2262498421294
12,1036800,216750000,3199000000,16.418,25.168831097288056,579.2219638824463,805.1864560597915
12,1036800,114750000,3199000000,14.909,24.024587761936708,887.1960639953613,1386.100142720701
12,1190400,1300500000,3199000000,21.645,38.95897087575868,322.9660987854004,173.5369852029941
12,1190400,1236750000,3199000000,18.724,38.24381879116409,312.1609687805176,181.14858513719008
12,1190400,1134750000,3199000000,16.614,37.09957545581274,336.4713191986084,194.9671128007929
12,1190400,1032750000,3199000000,19.832,35.95533212046139,314.09215927124023,211.2987202168077
12,1190400,930750000,3199000000,17.518,34.811088785110044,337.9325866699219,230.92357501423936
12,1190400,828750000,3199000000,16.717,33.666845449758696,305.2694797515869,254.98888504579352
12,1190400,726750000,3199000000,17.624,32.52260211440735,312.26515769958496,285.2566780666137
12,1190400,624750000,3199000000,16.717,31.378358779056,314.01801109313965,324.5859704108113
12,1190400,522750000,3199000000,15.815,30.234115443704653,347.9123115539551,377.9590875618589
12,1190400,420750000,3199000000,16.517,29.089872108353305,355.78083992004395,454.9434329310177
12,1190400,318750000,3199000000,15.21,27.94562877300196,415.47226905822754,576.6805966955469
12,1190400,216750000,3199000000,16.519,26.80138543765061,533.8752269744873,801.6477258382022
12,1190400,114750000,3199000000,15.412,25.65714210229926,868.1104183197021,1380.0083432023655
12,1344000,1300500000,3199000000,22.651,40.59152521612123,280.9927463531494,172.86681381686898
12,1344000,1236750000,3199000000,22.249,39.87637313152664,281.7511558532715,180.449019000012
12,1344000,1134750000,3199000000,18.228,38.732129796175286,277.6370048522949,194.21418177527303
12,1344000,1032750000,3199000000,20.635,37.58788646082394,283.94556045532227,210.48271920095212
12,1344000,930750000,3199000000,17.42,36.44364312547259,291.0463809967041,230.0317860265764
12,1344000,828750000,3199000000,19.234,35.29939979012124,311.0809326171875,254.0041597762048
12,1344000,726750000,3199000000,18.03,34.155156454769894,283.7393283843994,284.15506354266813
12,1344000,624750000,3199000000,17.627,33.01091311941855,291.9337749481201,323.3324726077203
12,1344000,522750000,3199000000,16.318,31.8666697840672,313.9665126800537,376.4994715306503
12,1344000,420750000,3199000000,16.621,30.72242644871585,344.9544906616211,453.186515979284
12,1344000,318750000,3199000000,15.913,29.578183113364503,423.54893684387207,574.4535507756998
12,1344000,216750000,3199000000,15.311,28.433939778013155,522.2976207733154,798.5518937481114
12,1344000,114750000,3199000000,15.507,27.289696442661807,854.1829586029053,1374.6789772280383
12,1497600,1300500000,3199000000,22.249,42.22407955648377,253.51834297180176,172.27142650495392
12,1497600,1236750000,3199000000,21.445,41.50892747188918,259.8836421966553,179.8275170819287
12,1497600,1134750000,3199000000,21.043,40.36468413653783,258.66246223449707,193.54526992880687
12,1497600,1032750000,3199000000,18.527,39.22044080118648,253.6036968231201,209.757775311361
12,1497600,930750000,3199000000,17.018,38.076197465835136,256.17480278015137,229.23951130528448
12,1497600,828750000,3199000000,18.935,36.93195413048379,262.326717376709,253.12931948404432
12,1497600,726750000,3199000000,17.228,35.78771079513244,259.0065002441406,283.1763776068647
12,1497600,624750000,3199000000,16.926,34.64346745978109,274.71137046813965,322.21885196839565
12,1497600,522750000,3199000000,16.322,33.499224124429745,297.55568504333496,375.2027332884013
12,1497600,420750000,3199000000,18.132,32.3549807890784,332.56006240844727,451.6256524706241
12,1497600,318750000,3199000000,17.424,31.21073745372705,386.3346576690674,572.4750197444126
12,1497600,216750000,3199000000,15.513,30.0664941183757,504.98294830322266,795.8015239405956
12,1497600,114750000,3199000000,15.713,28.922250783024356,837.6219272613525,1369.9443124133968
12,1651200,1300500000,3199000000,22.042,43.856633896846326,242.51174926757807,171.73598312707568
12,1651200,1236750000,3199000000,21.736,43.14148181225173,237.7493381500244,179.2685883313211
12,1651200,1134750000,3199000000,20.936,41.99723847690039,240.50593376159668,192.9437045084378
12,1651200,1032750000,3199000000,17.923,40.85299514154904,237.9980087280273,209.1058191859167
12,1651200,930750000,3199000000,18.528,39.70875180619769,237.5166416168213,228.52700325466515
12,1651200,828750000,3199000000,19.434,38.56450847084634,238.45410346984863,252.34255861130808
12,1651200,726750000,3199000000,17.93,37.420265135494994,245.5921173095703,282.2962263290973
12,1651200,624750000,3199000000,18.832,36.276021800143646,262.7379894256592,321.2173512899936
12,1651200,522750000,3199000000,18.938,35.1317784647923,287.8906726837158,374.0365513917458
12,1651200,420750000,3199000000,18.531,33.98753512944095,316.4236545562744,450.2219375899769
12,1651200,318750000,3199000000,17.121,32.8432917940896,376.9078254699707,570.6956883454587
12,1651200,216750000,3199000000,17.022,31.69904845873825,495.4826831817627,793.3280629334846
12,1651200,114750000,3199000000,15.913,30.554805123386902,827.6486396789551,1365.6863363518669
12,1804800,1300500000,3199000000,22.047,45.48918823720887,215.1498794555664,171.24964932384344
12,1804800,1236750000,3199000000,22.233,44.77403615261428,218.54138374328613,178.76092317707827
12,1804800,1134750000,3199000000,21.435,43.62979281726293,210.96396446228027,192.39731321690584
12,1804800,1032750000,3199000000,21.043,42.48554948191158,223.48308563232425,208.5136589031911
12,1804800,930750000,3199000000,18.527,41.34130614656024,216.48907661437988,227.8798447232357
12,1804800,828750000,3199000000,21.137,40.19706281120889,221.05073928833008,251.6279575474414
12,1804800,726750000,3199000000,19.733,39.05281947585754,227.0517349243164,281.49680040280697
12,1804800,624750000,3199000000,17.925,37.90857614050619,243.1933879852295,320.3077058372904
12,1804800,522750000,3199000000,17.826,36.76433280515485,267.5669193267822,372.9773288847676
12,1804800,420750000,3199000000,17.624,35.620089469803496,308.612585067749,448.9469680511545
12,1804800,318750000,3199000000,18.228,34.47584613445215,367.7241802215576,569.0795529290624
12,1804800,216750000,3199000000,16.618,33.3316027991008,485.3582382202149,791.0814618017239
12,1804800,114750000,3199000000,16.618,32.18735946374945,828.9055824279785,1361.8188915806163
12,1958400,1300500000,3199000000,23.461,47.12174257757143,198.49848747253412,170.80427545292238
12,1958400,1236750000,3199000000,22.249,46.40659049297683,210.7686996459961,178.29601452097796
12,1958400,1134750000,3199000000,22.44,45.26234715762549,209.28430557250977,191.89694001041724
12,1958400,1032750000,3199000000,21.637,44.118103822274136,199.8841762542725,207.9713714545902
12,1958400,930750000,3199000000,22.346,42.97386048692279,206.9404125213623,227.28719108014795
12,1958400,828750000,3199000000,20.838,41.82961715157144,213.9143943786621,250.97354150672336
12,1958400,726750000,3199000000,20.038,40.68537381622009,219.06447410583496,280.76470360644976
12,1958400,624750000,3199000000,19.636,39.541130480868745,235.03541946411133,319.4746724068696
12,1958400,522750000,3199000000,17.929,38.3968871455174,260.6494426727295,372.0073160562037
12,1958400,420750000,3199000000,19.537,37.25264381016605,298.2804775238037,447.7793788047608
12,1958400,318750000,3199000000,17.625,36.1084004748147,360.38875579833984,567.5995314262403
12,1958400,216750000,3199000000,17.226,34.96415713946335,483.638048171997,789.0240735720391
12,1958400,114750000,3199000000,17.222,33.819913804112005,828.9346694946289,1358.2771701602726
12,2112000,1300500000,3199000000,24.455,48.75429691793397,189.88800048828125,170.39357837171627
12,2112000,1236750000,3199000000,23.449,48.03914483333938,194.4580078125,177.86730363209494
12,2112000,1134750000,3199000000,24.558,46.89490149798803,188.7121200561524,191.4355258394565
12,2112000,1032750000,3199000000,22.552,45.75065816263668,188.6146068572998,207.4713064825376
12,2112000,930750000,3199000000,19.841,44.60641482728533,194.0453052520752,226.7406814232636
12,2112000,828750000,3199000000,20.741,43.46217149193399,214.93959426879883,250.3700782697321
12,2112000,726750000,3199000000,19.236,42.31792815658264,216.7878150939941,280.0896078339868
12,2112000,624750000,3199000000,18.935,41.17368482123129,231.45651817321777,318.70649892216704
12,2112000,522750000,3199000000,19.032,40.02944148587994,260.4258060455322,371.1128283831845
12,2112000,420750000,3199000000,20.04,38.8851981505286,292.15097427368164,446.70269800498727
12,2112000,318750000,3199000000,19.842,37.74095481517725,350.8718013763428,566.2347443315814
12,2112000,216750000,3199000000,18.735,36.5967114798259,470.6714153289795,787.126873498106
12,2112000,114750000,3199000000,16.72,35.45246814447455,826.852560043335,1355.011207011666
12,2201600,1300500000,3199000000,25.366,49.706620283145455,181.4100742340088,170.16800836874188
12,2201600,1236750000,3199000000,23.952,48.99146819855086,180.06062507629397,177.63183978074125
12,2201600,1134750000,3199000000,24.356,47.84722486319952,182.0404529571533,191.1821001379385
12,2201600,1032750000,3199000000,22.949,46.702981527848166,181.97059631347656,207.19665233378632
12,2201600,930750000,3199000000,23.15,45.55873819249682,188.14349174499512,226.44051813852124
12,2201600,828750000,3199000000,22.849,44.41449485714547,198.6613273620605,250.0386339756473
12,2201600,726750000,3199000000,20.042,43.27025152179412,210.42442321777344,279.7188203062175
12,2201600,624750000,3199000000,20.238,42.126008186442775,225.7153987884521,318.2845896777177
12,2201600,522750000,3199000000,20.543,40.98176485109143,257.91454315185547,370.621542722057
12,2201600,420750000,3199000000,19.738,39.83752151574008,285.60686111450195,446.11134515072746
12,2201600,318750000,3199000000,19.842,38.69327818038873,345.3912734985352,565.4851528611538
12,2201600,216750000,3199000000,19.339,37.54903484503738,467.1032428741455,786.0848611588331
12,2201600,114750000,3199000000,17.321,36.40479150968604,827.747106552124,1353.2174194469187
